subject,level,true_time,min_time,coco_count,rmi
46986,9,261.17446517944336,56.443729400634766,306,0.16531446293566976
46986,8,225.29342651367188,317.7226867675781,242,0.16971199608575405
46986,5,197.6824951171875,543.02752685546875,346,0.17161774073785674
46986,10,261.98089599609375,740.6953735351564,345,0.2633631038546489
46986,4,249.05401611328125,1002.6909790039064,285,0.32373540999303185
46986,7,165.7569580078125,1251.7449951171875,288,0.16380168801567563
46986,6,119.6829833984375,1417.4859619140625,246,0.2483790587120578
46986,1,196.7010498046875,1537.18505859375,344,0.18590507076845575
46986,2,134.3189697265625,1733.873046875,259,0.2610945231375348
46986,3,172.156005859375,1868.18994140625,344,0.259648667328368
47192,1,164.4317741394043,55.88663101196289,344,0.37264307129722063
47192,5,154.41490173339844,220.43490600585935,341,0.39385967135780664
47192,4,165.79782104492188,374.8497924804687,299,0.2682910871232328
47192,7,142.36529541015625,540.63128662109375,307,0.25671689033076195
47192,10,149.68145751953125,683.0125732421875,344,0.3803188015557988
47192,6,91.38232421875,832.677978515625,225,0.2846278111689047
47192,9,136.53173828125,924.0604248046876,302,0.40009449883818293
47192,8,112.7320556640625,1060.6080322265625,216,0.4974865242772868
47192,2,98.698974609375,1173.323974609375,226,0.41402213630909235
47192,3,147.5479736328125,1272.0389404296875,283,0.4429081996451356
47220,7,207.94811248779297,82.30680084228516,294,0.2019977763291836
47220,4,273.6713562011719,290.3716125488281,281,0.2468005836168432
47220,9,231.0224609375,564.026611328125,294,0.31048293604336763
47220,3,200.91796875,795.06500244140625,324,0.3453511988075936
47220,1,214.0953369140625,995.9835205078124,349,0.1911729721444928
47220,6,147.4569091796875,1210.06201171875,214,0.507176628043006
47220,5,175.361083984375,1357.5250244140625,348,0.30665887367472533
47220,10,223.2589111328125,1532.8800048828125,348,0.3706309319126926
47220,2,171.863037109375,1756.1739501953125,237,0.24014240641031737
47220,8,135.7779541015625,1928.02001953125,246,0.3144804595546079
47601,1,169.3000946044922,46.805999755859375,341,0.24007941954911238
47601,8,119.64900207519531,216.2223968505859,218,0.34562670373232607
47601,2,107.05020141601563,335.87109375,213,0.46506649992618343
47601,6,102.8988037109375,442.9216003417969,163,0.23363893425710747
47601,4,185.13287353515636,545.80511474609375,278,0.31585026237912084
47601,7,146.21722412109364,730.9697265625,304,0.265394406283582
47601,10,204.248779296875,877.1708984375,346,0.2917977596049459
47601,3,172.3330078125,1443.8189697265625,324,0.26719637875287683
47835,8,98.88297271728516,44.89752960205078,265,0.4535279899137562
47835,3,148.7994842529297,143.89720153808594,354,0.4537915887097065
47835,9,152.76611328125,292.69549560546875,363,0.42454147160222333
47835,2,118.58291625976563,445.4625854492187,296,0.5012365961417187
47835,10,138.06640625,564.04571533203125,347,0.6097939588488168
47835,5,106.93280029296875,702.111572265625,256,0.5373879438682811
47835,1,142.2830810546876,1004.2940063476564,349,0.5850605116814691
48109,5,144.09910202026364,58.7776985168457,349,0.35070534092382166
48109,6,94.00891113281253,202.9866943359375,237,0.37393142159191073
48109,10,159.48208618164063,296.9956970214844,346,0.3434101294782892
48109,4,162.86279296875,456.4778137207031,287,0.410701621729188
48109,7,131.05859375,619.33062744140625,318,0.4228563113982394
48109,1,145.22930908203114,750.389404296875,344,0.404406372671548
48109,3,143.66851806640636,895.62847900390625,337,0.3974993193275089
48109,8,116.6639404296875,1039.2969970703125,248,0.5155392794021989
48109,2,103.7310791015625,1155.9610595703125,271,0.37768432489050374
48109,9,165.4630126953125,1259.6820068359375,325,0.5178483775676248
48122,2,171.1833038330078,59.51499938964844,296,0.2658484569021018
48122,3,185.30178833007813,230.7985992431641,344,0.26092435339459885
48122,9,179.61459350585938,416.1163940429687,342,0.3738567962930266
48122,5,195.4678955078125,595.715087890625,348,0.5233759960867124
48122,6,144.8999023437501,791.19842529296875,292,0.22303378458355527
48122,4,211.28448486328114,936.0828857421876,351,0.43771903793248923
48122,8,140.134033203125,1147.384033203125,281,0.4627656538423054
48122,7,172.7669677734375,1287.5179443359375,224,0.24165587092791263
48122,1,227,1460.2679443359375,347,0.36639209186997657
48122,10,210.8670654296875,1687.2679443359375,344,0.32768635968960513
48262,10,287.0429801940918,62.3503303527832,348,0.3470165364343827
48262,1,187.06610107421875,349.602294921875,346,0.3360367500850945
48262,2,94.8330078125,536.559326171875,231,0.856263723805271
48262,3,250.432861328125,631.39227294921875,557,0.7798969585977749
48262,6,103.26599121093761,881.8253173828125,239,0.32529919356621484
48262,5,170.21575927734364,985.09130859375,349,0.3714450812076575
48262,8,139.2340087890625,1155.3070068359375,238,0.40676344923850505
48262,4,240.06591796875,1294.5570068359375,301,0.43446679753546247
48262,7,181.3990478515625,1534.623046875,326,0.3566519628677174
48262,9,329.448974609375,1716.0059814453125,342,0.7608101575722782
48464,6,112.64467239379883,51.05723190307617,238,0.4026256529505001
48464,1,192.9971923828125,163.8314971923828,345,0.42501889636937806
48464,8,135.89651489257813,356.7991943359375,272,0.44088733742215125
48464,4,163.83670043945313,492.7243957519531,312,0.6328223797790968
48464,10,204.13800048828125,656.53271484375,344,0.33616732921715164
48464,5,198.104736328125,860.698974609375,346,0.3596477100784956
48464,2,130.10498046875,1058.8089599609375,282,0.5640474850697508
48464,7,161.304931640625,1188.9129638671875,328,0.6560087745316499
48464,3,161.7120361328125,1350.2139892578125,320,0.6785501356308683
48464,9,158.0130615234375,1511.926025390625,323,0.534335440391196
48480,2,181.7029685974121,49.70132827758789,266,0.24040657668809795
48480,6,170.03799438476563,231.5363006591797,257,0.26492619612829127
48480,1,281.7400207519531,401.5752868652344,337,0.42142203552900226
48480,5,262.573974609375,683.28228759765625,344,0.3459472506759551
48480,7,286.93975830078125,945.8563232421876,268,0.3373073085766157
48480,10,312.10791015625,1232.7960205078125,307,0.3573423879035278
48480,3,294.6080322265625,1544.904052734375,273,0.50280607890478
48480,8,194.5369873046875,1839.5439453125,241,0.33481853242696413
48480,4,315.841064453125,2034.0489501953125,264,0.3643623688548092
48484,5,153.43497085571292,46.21892929077149,339,0.279520163586233
48484,8,122.46789550781247,199.76910400390625,227,0.3923654689437992
48484,10,167.434814453125,322.2367858886719,349,0.46411388011806254
48484,4,161.05081176757813,489.67230224609375,290,0.34225600781651955
48484,6,100.98419189453125,650.72412109375,243,0.38404659066488445
48484,3,141.73486328125,751.6920166015625,322,0.47040223714744467
48484,7,121.20050048828114,893.44287109375,286,0.32653115227341223
48484,9,145.2860107421876,1014.6279907226564,316,0.3936226331371131
48484,1,158.7669677734375,1159.927978515625,351,0.3241637238956414
48484,2,110.333984375,1318.697021484375,257,0.4387175465381963
48486,1,171.1659088134766,44.2156982421875,347,0.25040656711119347
48486,8,132.16468811035153,215.49769592285156,240,0.39027933023215233
48486,2,118.54879760742188,347.6636047363281,255,0.3298597720229035
48486,5,169.59930419921875,466.2119140625,347,0.3178134371723037
48486,7,145.49810791015625,635.8125,302,0.44217886808519935
48486,9,162.6488037109375,781.3095092773436,345,0.17742587790536535
48486,10,176.7147216796875,943.95751953125,345,0.17380417388247515
48486,3,163.4649658203125,1120.656005859375,345,0.25425035457023626
48486,4,178.1729736328125,1284.136962890625,315,0.34946107201247956
48486,6,109.216064453125,1462.2939453125,249,0.31917135758859394
48487,2,139.59896850585938,59.24433898925781,229,0.3675194465539334
48487,3,201.96800231933594,198.95030212402344,279,0.4192605888768961
48487,4,212.46200561523438,400.92529296875,277,0.30210044360959676
48487,5,187.60009765625,613.38128662109375,349,0.28962098808208525
48487,10,195.7818603515625,800.9813232421875,350,0.2761827549405005
48487,8,132.7337646484375,996.75531005859375,215,0.38730597634204045
48487,1,189.8189697265625,1129.489990234375,346,0.26774467965410365
48487,9,168.4420166015625,1319.321044921875,302,0.3412622416560205
48487,7,179.616943359375,1487.7640380859375,258,0.46085126274032273
48487,6,120.1619873046875,1667.3740234375,220,0.35634740753228966
48488,7,198.93267059326172,48.75572967529297,289,0.40234808696882773
48488,8,187.4650115966797,247.82179260253903,241,0.28844716728724484
48488,4,188.70040893554688,435.2539978027344,303,0.2971631713291143
48488,10,193.9490966796875,623.97021484375,348,0.25953475330712816
48488,1,196.6990966796876,817.91937255859375,347,0.3052451572858139
48488,3,176.04998779296864,1014.6190185546876,323,0.3147734878345987
48488,9,185.31494140625,1190.66796875,325,0.26436127725626535
48488,2,140.9500732421875,1375.967041015625,191,0.2623575824950122
48488,5,205.14892578125,1516.9320068359375,348,0.20039626348620654
48488,6,151.68310546875,1722.08203125,272,0.3033425260107798
48490,5,173.56666946411133,60.97903060913086,323,0.18510657530555719
48490,1,171.8001861572265,234.6623992919922,346,0.23843070082751328
48490,6,96.25,406.46099853515625,250,0.34319999498983167
48490,10,175.38269042968756,502.7120056152344,346,0.3292131410860867
48490,4,186.76654052734375,678.094970703125,288,0.26776442206002904
48490,2,122.98297119140625,864.901123046875,265,0.22673316162253887
48490,3,168.68292236328125,987.82843017578125,331,0.36149048001038553
48490,9,145.033935546875,1156.5279541015625,308,0.358839189083603
48490,7,147.8160400390625,1301.56005859375,314,0.4211843567179745
48490,8,122.800048828125,1449.3780517578125,245,0.37289297029823754
48494,4,171.78730010986328,45.14910125732422,297,0.40879113317409077
48494,8,117.90078735351563,217.05230712890625,237,0.68135703156174
48494,5,153.53622436523438,334.9383850097656,343,0.3109559546439251
48494,2,92.18389892578125,488.47369384765625,226,0.6398347346507206
48494,1,158.15325927734375,580.67388916015625,347,0.3949926228176801
48494,10,224.9862060546875,738.8106079101564,340,0.387377657120071
48494,3,144.05126953125,963.8131103515624,310,0.5260348664636598
48494,7,116.001953125,1107.864990234375,289,0.7733539494603936
48494,9,136.2020263671875,1223.866943359375,339,0.3202198388298376
48494,6,76.7669677734375,1360.0679931640625,204,0.8628807920614934
48496,6,105.20659255981445,52.04800033569336,236,0.2622444498248562
48496,7,135.75791931152344,157.35589599609375,286,0.2722187029620161
48496,8,128.06579589843744,293.12109375,231,0.3985679465732018
48496,1,168.70690917968756,421.18560791015625,345,0.23947317565842685
48496,5,149.5982666015625,589.88592529296875,347,0.25843559930086046
48496,9,164.94769287109364,739.49102783203125,310,0.39195673892426575
48496,2,120.16577148437511,904.4395141601564,250,0.3022531537164892
48496,4,173.498046875,1024.60498046875,277,0.38206587403320125
48496,3,186.3900146484375,1198.094970703125,287,0.4172384885470045
48496,10,162.6820068359375,1384.489990234375,349,0.33220849273065345
48497,5,151.10966873168945,50.99042892456055,348,0.2525141758401471
48497,9,205.74929809570313,202.2165985107422,304,0.37101907388094657
48497,8,145.63357543945313,407.9660949707031,229,0.34569202807014376
48497,2,103.88330078125,553.59930419921875,208,0.6289368659914191
48497,7,132.49951171875,657.48248291015625,246,0.3011109531732111
48497,4,179.0167236328125,789.982421875,278,0.3024016270552832
48497,6,117.16644287109375,968.9824829101564,217,0.45860377894368043
48497,10,159.4830322265625,1086.166015625,343,0.41244403421378373
48497,3,153.7030029296875,1245.6319580078125,322,0.3888376357114196
48497,1,142.56201171875,1399.3470458984375,342,0.4106645295429401
48498,10,195.90160369873047,57.01129913330078,344,0.28135005179882056
48498,2,129.60040283203125,253.0131072998047,244,0.1758037405601076
48498,3,169.23931884765625,382.6167907714844,306,0.275141819079445
48498,4,180.51214599609375,551.86932373046875,303,0.25888869312728
48498,8,134.784912109375,732.36492919921875,241,0.28965069050323655
48498,1,187.4183349609375,867.166015625,346,0.209859592778186
48498,6,110.6009521484375,1054.5849609375,237,0.24035736090877102
48498,5,168.7349853515625,1165.18603515625,347,0.24130859286518413
48498,9,178.2139892578125,1333.9200439453125,306,0.3218079138316271
48498,7,150.8150634765625,1512.134033203125,282,0.23993522053496297
48501,3,151.92570114135742,53.39799880981445,293,0.46446261013628365
48501,9,155.07998657226563,205.43980407714844,312,0.4345856818401399
48501,6,105.64901733398438,360.5046081542969,213,0.3727922519487845
48501,1,165.64352416992188,466.168212890625,348,0.4547654479292106
48501,2,101.39898681640625,631.8134765625,219,0.49962361743326555
48501,7,132.62286376953125,733.1956787109375,285,0.37598166450542236
48501,8,110.2781982421875,865.83349609375,207,0.7027868467908617
48501,4,160.51373291015625,976.11279296875,265,0.44599905992328703
48501,10,157.178955078125,1136.625,346,0.31197704870721343
48501,5,138.10400390625,1293.7900390625,342,0.4233791714759292
48504,4,195.5827751159668,46.78023147583008,302,0.3052548719386452
48504,6,112.39938354492188,242.47959899902344,240,0.17365153420971102
48504,8,139.04891967773438,354.86279296875,236,0.38619390785939156
48504,7,132.26559448242188,493.9269104003906,277,0.2888387042706275
48504,5,165.71441650390625,626.19342041015625,345,0.25425766566761865
48504,1,176.0661621093751,791.8922119140625,343,0.33702004305850264
48504,2,113.84954833984364,967.97412109375,239,0.31117943000508097
48504,9,157.6319580078125,1081.822998046875,306,0.3149974651839148
48504,3,161.864013671875,1239.4549560546875,320,0.38819971349443927
48508,4,276.06878662109375,76.711700439453125,309,0.23185828272445308
48508,10,255.72103881835938,352.8807067871094,347,0.2330615262522051
48508,2,153.49066162109375,608.61712646484375,242,0.21340369726759056
48508,5,196.10552978515636,762.10821533203125,347,0.27491510281635834
48508,9,263.75225830078114,958.214111328125,288,0.33534160887490416
48508,7,181.5889892578125,1221.949951171875,272,0.20487031632649777
48508,6,245.9019775390625,1403.5550537109375,235,0.23672295938893706
48508,8,146.675048828125,1649.4580078125,217,0.3017041357213762
48508,1,213.85498046875,1796.135986328125,349,0.23038324875583194
48508,3,192.1910400390625,2009.9720458984375,305,0.2146225574594307
48511,4,333.3651657104492,70.9278335571289,275,0.5365427583594847
48511,2,169.69912719726563,404.40960693359375,232,0.8363459663194011
48511,8,213.64788818359375,574.1085205078125,271,0.5526495388428756
48511,1,212.4489746093749,787.74090576171875,349,0.942012901127721
48511,5,220.6660156250001,1000.2069702148438,349,0.818562029053374
48511,3,193.9990234375,1220.8719482421875,334,0.9606994960914996
48511,10,276.9320068359375,1414.8709716796875,348,0.7561404604176509
48511,6,141.699951171875,1691.802001953125,261,0.8734837994158364
48511,7,221.73193359375,2142.5,228,0.8584409325090732
48527,3,177.2269744873047,49.92433166503906,290,0.48980013252341104
48527,2,88.71600341796875,227.25929260253903,203,0.7938708189217423
48527,6,81.983001708984375,315.96728515625,206,0.7564368393782099
48527,9,157.11599731445313,397.9613037109375,253,0.7385803147448462
48527,5,195.865966796875,555.0662841796875,346,0.613682484251629
48527,10,177.70001220703136,750.95941162109375,346,0.5451811503015485
48527,4,185.69073486328114,928.63427734375,251,0.5441315794275012
48527,7,136.4990234375,1114.3289794921875,219,0.7145170148165519
48527,1,219.616943359375,1250.822021484375,348,0.5057933523872472
48532,7,139.77349472045896,45.27730178833008,162,0.04295825521955887
48532,2,120.45549011230472,185.16709899902344,123,0.14499061372499122
48532,4,200.94302368164063,305.6227111816406,194,0.30293986186426025
48532,3,155.74057006835938,506.5715026855469,166,0.06980302837284713
48532,8,116.7889404296875,662.3065185546875,139,0.26339121241134045
48532,5,142.48968505859375,779.09527587890625,267,0.4335870852111222
48532,9,151.156494140625,921.5684814453124,303,0.36112397714989597
48532,6,133.677001953125,1072.741943359375,185,0.48098275385732814
48532,10,195.342041015625,1206.4150390625,344,0.5276843573773494
48532,1,154.3909912109375,1401.7440185546875,343,0.38408096283144055
48538,1,209.5996856689453,61.43772888183594,346,0.2227833116835416
48538,8,172.83328247070313,271.2680969238281,228,0.25607311624391094
48538,7,172.14993286132813,443.9779968261719,299,0.17650990489777718
48538,2,175.091552734375,616.1287841796875,294,0.24127098650356782
48538,5,192.6246337890625,791.22027587890625,348,0.1776403057957343
48538,10,218.4991455078125,983.844970703125,346,0.3385523886381371
48538,3,189.4500732421875,1202.3370361328125,305,0.1604813003294394
48538,6,100.5830078125,1391.7860107421875,218,0.33771493271531294
48538,9,191.2919921875,1492.3690185546875,314,0.29192013908830927
48538,4,227.73095703125,1683.6689453125,321,0.2506959018289866
48540,5,159.94986724853518,68.36663055419922,346,0.21108952133830927
48540,9,205.66589355468747,228.4322967529297,292,0.31742063136541265
48540,6,96.399932861328125,434.0823974609375,223,0.39088736573953775
48540,1,184.93280029296875,530.498779296875,346,0.2601157189741612
48540,10,225.86639404296886,715.41522216796875,344,0.3215999289729231
48540,7,128.1984863281249,941.2979125976564,267,0.31821855933595355
48540,3,156.884033203125,1069.48095703125,287,0.4077334187068278
48540,2,112.9659423828125,1226.3800048828125,228,0.45392742286225285
48540,4,186.5999755859375,1339.3299560546875,268,0.28417284019562183
48540,8,117.7330322265625,1525.9300537109375,213,0.6364197917259616
48543,3,164.76066970825198,56.87083053588867,336,0.3121965739192287
48543,2,102.49999999999997,221.73159790039065,219,0.3876341145480392
48543,9,130.64981079101563,324.2478942871094,307,0.46843775199181015
48543,5,155.73309326171875,657.480712890625,348,0.25834854282403463
48543,4,151.81640625,813.21307373046875,335,0.3409687577774564
48543,1,79.150146484375,965.013916015625,169,0.1916803937202256
48545,7,167.56677246093753,77.93663024902344,294,0.18704100885002284
48545,8,148.4509124755859,245.60389709472656,223,0.4521611594981453
48545,9,250.15060424804688,394.0544128417969,300,0.3968534547276099
48545,6,89.41650390624989,644.22100830078125,218,0.5736268545397865
48545,1,206.28265380859398,733.63812255859375,350,0.21456038656898258
48545,5,181.8178710937499,939.905029296875,349,0.19256049245505125
48545,10,248.7010498046875,1121.738037109375,316,0.33854331161133966
48545,2,121.6319580078125,1370.43798828125,205,0.619366749241463
48545,3,194.5020751953125,1492.0560302734375,267,0.44138118533281046
48545,4,197.865966796875,1686.572998046875,285,0.31531759016760774
48550,6,108.2991714477539,41.052528381347656,251,0.37702999702447393
48550,1,141.6912078857422,149.45179748535156,342,0.4291917147289358
48550,4,148.98239135742188,291.1509094238281,219,0.44274150496893616
48550,7,145.89102172851563,440.1253967285156,345,0.4618064675689111
48550,2,89.6077880859375,586.02447509765625,207,0.7632767979632507
48550,5,152.30706787109375,675.63232421875,345,0.3561759465809
48550,9,141.83294677734386,827.9395751953125,315,0.3739435651575733
48550,8,101.74090576171864,969.77191162109375,206,0.6888425722254584
48550,3,143.3330078125,1071.5050048828125,341,0.47179419774607834
48550,10,144.116943359375,1214.845947265625,345,0.39051510731907324
48565,9,172.8499641418457,43.37533187866211,320,0.3116528004011532
48565,7,150.50001525878906,216.32530212402344,331,0.3696710021973594
48565,3,163.89999389648438,366.84228515625,300,0.21444314814636445
48565,8,118.4000244140625,530.72528076171875,212,0.42352982896075253
48565,1,196.0999755859375,649.12530517578125,319,0.19910406107478706
48565,6,108.5830078125,845.22528076171875,227,0.3429594767079954
48565,10,191.54974365234375,953.80828857421875,348,0.34532782116465255
48565,4,206.7908935546875,1145.3580322265625,306,0.35403480397297393
48565,5,180.883056640625,1352.1490478515625,345,0.22773826910951878
48565,2,203.449951171875,1533.031982421875,251,0.2333883722193073
48572,2,99.86777114868164,49.61323165893555,211,0.6464852698582855
48572,7,134.6018829345703,149.5811004638672,205,0.21126986643593826
48572,9,155.68460083007813,284.1990051269531,305,0.329928822620004
48572,4,164.50143432617188,439.88330078125,284,0.5762337005891427
48572,10,164.17315673828125,604.63458251953125,345,0.3155727787497238
48572,8,97.23419189453125,768.54217529296875,246,0.38867297840200976
48572,5,158.20172119140636,865.79217529296875,345,0.36336960776880733
48572,1,194.48406982421864,1023.9940185546876,347,0.2275811592144037
48572,6,91.64990234375,1218.47802734375,210,0.42744808914522214
48572,3,154.885009765625,1310.1290283203125,312,0.2533337100288615
48578,5,145.44529724121094,52.32659912109375,324,0.16169855372443287
48578,1,146.09779357910156,197.88900756835935,345,0.34387616450724834
48578,10,153.79791259765625,343.9866943359375,348,0.5763249611220361
48578,3,170.36138916015625,497.7843017578125,353,0.4306541178471244
48578,9,154.84649658203125,668.1456298828125,358,0.42504562692799064
48578,8,107.986328125,822.99200439453125,241,0.5404741296375403
48578,7,183.793212890625,930.96441650390625,347,0.19146631019210658
48578,2,122.051025390625,1114.77099609375,281,0.26847941290855915
48578,4,285.8299560546875,1236.822998046875,317,0.5077962442869322
48578,6,99.7550048828125,1522.6529541015625,242,0.3906418017788089
48580,5,144.57549285888672,81.08930206298828,345,0.29310889788821637
48580,7,113.47091674804688,225.76890563964844,280,0.2903554222181213
48580,3,128.6724853515625,339.2395935058594,278,0.33734938542058013
48580,6,77.873992919921875,467.912109375,211,0.6428245206932734
48580,8,103.9296875,545.786376953125,204,0.8275304388956644
48580,10,152.4775390625,649.7156982421875,348,0.4412446123804673
48580,4,150.58856201171875,802.1934814453125,344,0.48523039166365145
48580,9,138.77001953125,952.78240966796875,339,0.5447619772307528
48580,1,150.9620361328125,1091.551025390625,349,0.4180603274939554
48580,2,91.8609619140625,1242.5140380859375,209,0.7479370584562781
48581,1,166.20699310302734,64.24610137939453,345,0.3500075694236324
48581,3,158.29061889648438,230.5695037841797,338,0.34751063379206404
48581,5,158.13916015625,388.86029052734375,343,0.4376448137073541
48581,8,127.72711181640625,546.9840087890625,250,0.424736339957722
48581,7,130.7264404296875,674.72607421875,296,0.4551245070824912
48581,9,140.0238037109376,805.4365844726564,350,0.6003843621676918
48581,4,153.7907714843749,945.46051025390625,301,0.5754114468000358
48581,2,122.5279541015625,1099.2679443359375,280,0.48552824296054076
48581,6,124.3740234375,1221.7939453125,269,0.45329718942018615
48581,10,155.9410400390625,1346.1529541015625,347,0.5734570124929899
48588,1,177.40027618408203,50.14643096923828,341,0.3689486509152151
48588,5,156.03419494628906,227.6475067138672,282,0.29288621464083864
48588,10,155.91671752929688,383.6965026855469,287,0.2826212667130549
48588,7,163.983154296875,539.61322021484375,268,0.1760370653440928
48588,2,97.55010986328125,703.597412109375,190,0.30649087622089977
48588,6,81.28253173828114,801.14727783203125,160,0.4637606941754341
48588,3,157.71759033203136,882.63031005859375,261,0.1798686028833978
48588,4,154.3499755859375,1040.14697265625,353,0.7161507028645956
48588,8,106.9820556640625,1194.4969482421875,209,0.5739419052353391
48588,9,158.218017578125,1301.4639892578125,363,0.6912275763121253
48593,6,100.21499252319336,54.55730056762695,229,0.3977506212156967
48593,9,192.47972106933594,154.88870239257813,311,0.27639843857689206
48593,8,116.88107299804688,347.3680114746094,210,0.5065098727359412
48593,10,177.84683227539063,464.25048828125,346,0.3515726685399372
48593,2,111.114990234375,642.08038330078125,212,0.4851892919611478
48593,5,176.88037109375,753.211181640625,347,0.26365474770265607
48593,3,148.19671630859375,930.09130859375,287,0.7466047716406364
48593,7,152.81396484375,1078.27197265625,277,0.49825881741015055
48593,4,176.080078125,1231.093017578125,277,0.33611859903619234
48595,5,149.96010208129883,62.50230026245117,346,0.2852637862513121
48595,7,130.54400634765625,212.56629943847656,271,0.4136033513591668
48595,3,139.27670288085938,343.10888671875,283,0.5467831953042718
48595,1,145.81021118164063,482.3835144042969,347,0.4699401183082862
48595,8,112.5946044921875,628.2100830078125,205,0.8353147384682067
48595,2,87.36279296874989,740.80450439453125,205,0.8469317696399405
48595,9,186.2912597656251,828.16741943359375,279,0.5546121484213258
48595,6,77.02996826171875,1014.4580078125,214,0.6134957127398607
48595,10,140.593994140625,1091.4930419921875,347,0.5551873038726279
48595,4,136.7930908203125,1232.08203125,254,0.6263507451468813
48598,7,149.65716552734375,46.670928955078125,320,0.26873913583553344
48598,8,116.46630859375,196.4441070556641,241,0.45039982933907385
48598,10,167.3662109375,312.91070556640625,348,0.2791470247558061
48598,5,154.74990844726563,480.2771911621094,347,0.26368955404617134
48598,2,123.982666015625,635.026123046875,270,0.23514228657639857
48598,9,158.5330810546875,758.9932250976564,339,0.33015050183089445
48598,1,159.6326904296875,917.5416259765624,347,0.32766346416325454
48598,6,114.0660400390625,1077.1590576171875,259,0.25742492884470825
48598,4,163.883056640625,1191.2249755859375,337,0.3387247113462888
48598,3,165.5,1355.125,340,0.29077920912373423
48601,4,234.90098571777344,62.84632873535156,296,0.18604570892658212
48601,3,207.1309814453125,297.8623046875,329,0.19843857396918874
48601,8,156.5159912109375,504.9953002929687,248,0.29957068683015
48601,10,206.9990234375,661.49432373046875,348,0.3739202106870253
48601,7,174.1317138671875,868.4932861328125,273,0.1638050344725559
48601,1,211.4990234375,1042.625,348,0.21030721272403075
48601,6,119.4329833984375,1254.1240234375,241,0.34654487495977837
48601,9,234.8819580078125,1373.5570068359375,299,0.2060714659738816
48601,2,151.33203125,1608.43896484375,269,0.18101698084384554
48601,5,191.4990234375,1759.77099609375,341,0.17052528335637573
48604,10,153.85427856445313,47.135528564453125,339,0.34832178285098514
48604,2,105.885986328125,201.10609436035156,203,0.4404014110658738
48604,7,125.65301513671875,306.9912109375,234,0.4119379712936586
48604,4,173.83721923828125,432.6449890136719,248,0.46667602286990273
48604,5,143.0198974609375,606.48272705078125,328,0.3755596778657062
48604,1,145.98638916015625,749.55450439453125,340,0.42649421186971725
48604,3,147.836669921875,895.4893188476564,233,0.6275012869897003
48604,8,100.4520263671875,1043.324951171875,203,0.7736070548107229
48604,9,133.5699462890625,1143.760986328125,283,0.544800936861936
48604,6,98.8350830078125,1277.3470458984375,226,0.44471210389118787
48607,6,87.4329605102539,66.96233367919922,196,0.43080942675988265
48607,5,134.36599731445313,154.51229858398438,345,0.3340050176666033
48607,8,115.51602172851563,288.8612976074219,223,0.3578041570800954
48607,10,156.78311157226563,404.3772888183594,348,0.4388985592711797
48607,2,93.766845703125,561.1602783203125,170,0.24856874402078744
48607,9,149.86614990234386,654.94342041015625,287,0.35917552665599395
48607,1,149.38189697265602,804.809326171875,323,0.3226064629884948
48607,7,112.78271484375011,954.22528076171875,238,0.2774022762643896
48607,3,138.9659423828125,1066.9580078125,288,0.40154634239846687
48608,4,202.6990203857422,62.15766906738281,307,0.3127660171570601
48608,8,114.71600341796875,264.9566955566406,213,0.6579099148303542
48608,3,154.37298583984375,379.6726989746094,314,0.4640171700537441
48608,9,175.201904296875,534.04571533203125,359,0.5021618343922406
48608,6,91.08599853515625,709.2476806640625,223,0.593670034498417
48608,10,175.08514404296886,800.33367919921875,348,0.47541454726371557
48608,1,165.2462158203124,975.4185791015624,348,0.3015917328157003
48608,2,104.9281005859375,1140.6820068359375,207,0.8204814184565247
48608,7,147.8699951171875,1245.593017578125,303,0.358658122890285
48608,5,222.677001953125,1393.47900390625,340,0.34327542391280785
48609,3,170.08329772949222,62.93370056152344,313,0.31231750315450724
48609,10,169.88211059570304,233.14599609375,347,0.3388676850871841
48609,9,179.31457519531256,403.0078125,348,0.2713626578396289
48609,2,129.40850830078125,582.31390380859375,286,0.3806602584119141
48609,7,159.63482666015625,711.73797607421875,327,0.22360769415970994
48609,6,124.2421875,871.3574829101564,275,0.15961443689058075
48609,1,208.72576904296875,995.5994873046876,349,0.48331835242959875
48609,8,181.299072265625,1204.342041015625,263,0.23349041294097295
48609,4,224.52099609375,1385.6390380859375,339,0.3086189631115879
48609,5,264.596923828125,1610.1610107421875,251,0.11737131749584295
48615,8,144.94657135009763,63.23442840576172,236,0.24124950663862155
48615,4,209.70071411132815,208.281005859375,291,0.27972674368565054
48615,7,155.18426513671875,417.9975891113281,276,0.1765925326369202
48615,10,199.0166015625,573.182373046875,345,0.25342051080041517
48615,1,191.3177490234374,772.1834716796875,349,0.2002850888568385
48615,6,126.40069580078136,963.50042724609375,238,0.20912892968328134
48615,2,138.0999755859375,1089.91796875,236,0.146763637764195
48615,3,184.116943359375,1228.001953125,310,0.18787635432290517
48615,9,215.5850830078125,1412.1190185546875,290,0.2088732704925178
48615,5,185.333984375,1627.7030029296875,346,0.14418803898703336
48618,8,96.83289337158203,52.834999084472656,208,0.6518904105157175
48618,9,127.76579284667969,149.78439331054688,276,0.3931794386359512
48618,4,139.23272705078125,277.55029296875,255,0.5528506302688484
48618,2,102.29940795898438,416.78271484375,204,0.766348919601181
48618,6,78.482666015625,519.08221435546875,205,0.8486514957553146
48618,7,117.16583251953125,597.56500244140625,270,0.6535053290486427
48618,1,145.4490966796874,714.73089599609375,350,0.4016440313257241
48618,5,132.3493652343751,860.16357421875,345,0.5873043958835175
48618,3,126.16619873046875,992.52947998046875,260,0.6419107962847248
48623,5,214.7400665283203,55.77082824707031,348,0.11225699550788892
48623,4,196.63870239257807,270.6275939941406,305,0.2902080484399431
48623,1,202.02258300781256,467.2496032714844,346,0.2251472112615729
48623,9,162.70452880859375,669.4935302734375,339,0.3237153340516734
48623,6,108.403076171875,832.2100219726564,243,0.3081347248143802
48623,7,164.3544921875,940.5128173828124,292,0.25628458219333616
48623,10,170.6390380859375,1104.8680419921875,348,0.2889467165963562
48623,8,106.3359375,1275.5059814453125,251,0.44298761708875134
48623,2,139.18701171875,1381.843017578125,214,0.3606105057475253
48626,7,172.25397491455078,45.46833038330078,229,0.37642255060523855
48626,6,102.68598937988281,217.89129638671875,210,0.4473947560688365
48626,5,174.37100219726563,320.50830078125,346,0.18143745422004143
48626,4,180.7540283203125,494.8793029785156,279,0.27341500136717567
48626,8,89.968994140625,675.6334228515625,223,0.656098998989844
48626,2,93.60198974609375,765.6024169921875,204,0.7634714000891785
48626,10,149.45367431640636,859.20428466796875,335,0.39315135944957436
48626,3,144.0200195312499,1008.6599731445313,242,0.5872644034073653
48626,9,118.60302734375,1152.677978515625,285,0.5293415723388465
48633,8,112.18470001220703,60.52629852294922,257,0.3691660095527771
48633,4,160.18121337890625,172.8267059326172,325,0.4492742028966852
48633,7,119.21749877929688,332.9924011230469,289,0.49693900970382976
48633,6,81.816802978515625,452.2149963378906,224,0.5124811279624055
48633,9,139.43255615234375,534.04241943359375,324,0.3717106605076945
48633,2,93.80023193359375,673.4757080078125,242,0.6897993644234315
48633,10,143.3665771484375,767.2764282226564,347,0.4613529352109529
48633,1,146.68408203125,910.6425170898436,347,0.46021185581655555
48633,3,127.9830322265625,1057.3260498046875,295,0.5653870116717811
48633,5,135.5670166015625,1185.2950439453125,343,0.43901355736538883
48648,7,172.80278778076172,84.00800323486328,280,0.18254888680196224
48648,5,194.65411376953125,256.9117126464844,345,0.19963187184590714
48648,2,146.5355224609375,451.63140869140625,255,0.1385112282341533
48648,6,132.804443359375,598.11700439453125,217,0.11412870324121449
48648,9,188.070068359375,1001.3049926757813,324,0.40425769152059043
48648,10,174.6029052734375,1189.3580322265625,348,0.3555594820781871
48648,8,134.5029296875,1364.094970703125,276,0.2824269562987549
48648,1,182.153076171875,1498.5810546875,348,0.45490803239583744
48683,7,206.1589698791504,63.40932846069336,290,0.2600789432625511
48683,8,191.58999633789063,269.9162902832031,236,0.2312884062900512
48683,5,198.35812377929688,461.25830078125,348,0.23752000209797663
48683,10,220.85791015625,659.61627197265625,348,0.2575891501164108
48683,6,134.92169189453114,880.47430419921875,232,0.23977103776150088
48683,2,186.4229736328126,1015.4119873046876,269,0.3133262677226858
48683,4,283.2259521484375,1201.8349609375,292,0.19053765157188995
48683,1,260.342041015625,1485.051025390625,345,0.35422822217654915
48683,3,198.70703125,1745.3909912109375,309,0.2655273909798592
48683,9,247.0579833984375,1944.0989990234375,310,0.27100537520698365
48705,2,128.4710235595703,84.017669677734375,263,0.31831538249680325
48705,5,166.9650115966797,212.5906982421875,345,0.3382884867174071
48705,9,192.27487182617188,379.5606994628906,283,0.35623197897334835
48705,3,155.97509765625,571.83367919921875,292,0.3342495053026504
48705,10,204.050048828125,727.82269287109375,347,0.3275636936524553
48705,6,98.34527587890625,931.855712890625,215,0.39492596429877913
48705,1,174.926025390625,1030.2030029296875,341,0.27514962030012424
48705,4,171.791015625,1205.1280517578125,323,0.19636124673918098
48705,7,160.14990234375,1376.9300537109375,296,0.318092086840953
48705,8,136.56005859375,1537.27197265625,243,0.34159251584510997
48708,7,163.14349365234375,50.22850036621094,296,0.25095853402739254
48708,3,168.1468963623047,213.48849487304688,332,0.2890929990927076
48708,1,169.56307983398438,381.6191101074219,347,0.37260842771538893
48708,5,173.7635498046875,551.181884765625,347,0.20759110964223604
48708,6,94.96490478515625,724.96209716796875,220,0.3177178224632815
48708,4,218.2625732421875,819.9105224609375,314,0.278946792666692
48708,8,132.6650390625,1038.1729736328125,223,0.3870656144350051
48708,9,205.3619384765625,1170.85400390625,321,0.3181057946312512
48708,2,127.8480224609375,1376.2010498046875,252,0.23013308057979343
48708,10,212.5130615234375,1504.0479736328125,347,0.2918725059805657
48710,3,170.3800048828125,48.569000244140625,314,0.24307277911101122
48710,9,203.61199951171875,219.0500030517578,297,0.24835929522076383
48710,1,176.14498901367188,422.6610107421875,345,0.26191416118052646
48710,4,188.3759765624999,598.8060302734375,281,0.3601781723990689
48710,8,122.03002929687511,787.1820068359375,223,0.3362790865816
48710,7,128.06097412109375,909.22802734375,273,0.2077561095610907
48710,5,162.14306640625,1037.2900390625,344,0.20328550170124438
48710,10,213.5579833984375,1199.416015625,347,0.22333383647240268
48710,6,106.39501953125,1412.9739990234375,228,0.27296513529154365
48710,2,116.261962890625,1519.3690185546875,235,0.2928321703824478
48717,7,150.25689697265625,57.11579895019531,275,0.20706863382908192
48717,5,166.30729675292974,207.82260131835935,349,0.4945317078089331
48717,1,182.99133300781244,373.7965087890625,349,0.20588471749707304
48717,2,133.25567626953125,556.78802490234375,217,0.3707176130952621
48717,4,205.24261474609375,690.043701171875,275,0.3798445308998488
48717,3,169.40740966796875,895.28631591796875,318,0.2551972430362308
48717,6,110.6219482421875,1064.677001953125,229,0.2193284058110252
48717,8,132.35498046875,1175.31494140625,222,0.3749464504414868
48717,10,171.80810546875,1307.6710205078125,347,0.2942808139443689
48717,9,164.8739013671875,1479.4620361328125,333,0.15991685178601933
48720,6,88.5500717163086,38.662628173828125,215,0.4625152473822245
48720,9,147.6985855102539,127.32939910888672,342,0.45474326465812775
48720,1,157.16702270507807,275.0120849609375,253,0.20497157914509345
48720,10,152.54870605468756,432.3031921386719,347,0.46784862499086566
48720,3,151.9168701171874,584.7445068359375,337,0.2596529265792955
48720,8,100.34948730468761,736.64398193359375,205,0.8210374595610805
48720,7,115.39910888671875,836.99371337890625,156,0.6256997200848771
48720,5,168.865478515625,952.393310546875,353,0.33524503698980257
48720,2,57.467041015625,1121.259033203125,134,0.6779324383620703
48738,1,165.18827438354492,45.04362869262695,349,0.33627191979976756
48738,10,154.869384765625,210.3415985107422,346,0.43615863994091597
48738,2,103.57769775390625,365.2030944824219,236,0.48745657299086587
48738,3,139.98452758789063,468.7984924316406,319,0.3541354215184518
48738,7,128.54119873046875,608.778076171875,317,0.4272075006613023
48738,5,138.94659423828114,737.3126220703125,345,0.316483071624419
48738,4,161.40570068359386,876.25128173828125,334,0.43678056392393416
48738,9,134.531005859375,1037.6650390625,307,0.35859059220988143
48738,6,85.9239501953125,1172.18798828125,225,0.40846992853978104
48738,8,112.7869873046875,1258.1190185546875,241,0.42532021289047306
48813,5,233.57498168945313,81.219329833984375,302,0.2737506814743036
48813,2,164.43899536132813,314.894287109375,230,0.4137546672985969
48813,9,200.20797729492188,479.3333129882813,253,0.3443236242418819
48813,10,232.60699462890625,679.57427978515625,342,0.2973492232935463
48813,8,184.63970947265625,912.1483154296876,213,0.5669757050319475
48813,3,190.1400146484375,1096.7879638671875,247,0.3185093405349969
48813,4,201.5400390625,1286.927978515625,278,0.26673296326430973
48813,6,171.638916015625,1488.468017578125,243,0.32521487261185833
48813,1,249.3760986328125,1660.1070556640625,350,0.3160792603090715
48813,7,293.676025390625,1909.5159912109375,265,0.21808603090502499
48820,8,149.4277687072754,55.83993148803711,250,0.4322815430057281
48820,5,177.27969360351563,205.38340759277344,345,0.4307019418050575
48820,3,166.22988891601563,382.66400146484375,329,0.28875777179226914
48820,6,129.93023681640625,548.8773193359375,283,0.2806666971352927
48820,9,197.21319580078125,678.80767822265625,327,0.33520528937399363
48820,2,145.48028564453114,876.0371704101564,296,0.46396099287891
48820,10,208.1290283203126,1021.5170288085938,299,0.4150687706776015
48820,1,175.179931640625,1229.64599609375,346,0.32735926566153817
48820,4,204.862060546875,1404.8260498046875,319,0.35371450677162275
48820,7,117.0809326171875,1609.68798828125,251,0.5026106545873694
48842,6,123.16225814819336,58.85673904418945,193,0.1812853882552523
48842,5,189.05531311035156,182.11920166015625,345,0.24771617996203932
48842,1,204.15530395507813,371.19049072265625,348,0.2185208098338315
48842,10,214.03839111328125,575.34613037109375,345,0.29195398606928
48842,3,187.65460205078125,789.38348388671875,294,0.22616672717467456
48842,7,164.203369140625,977.0391235351564,282,0.21230706726157467
48842,4,227.6220703125,1141.22802734375,284,0.3269287715737006
48842,2,132.0699462890625,1368.8489990234375,244,0.2780795514792599
48842,9,220.7550048828125,1500.91796875,293,0.3018046066978859
48842,8,163.5040283203125,1721.68798828125,240,0.33329214519792394
48854,9,126.30339431762695,57.04130172729492,309,0.5190875784426524
48854,1,153.73019409179688,183.45779418945313,344,0.4479747489599608
48854,10,129.98260498046875,337.1748962402344,344,0.5321892818561892
48854,4,154.534423828125,467.1604919433594,293,0.5076931823631894
48854,7,103.531494140625,621.70721435546875,267,0.5384835515216853
48854,5,139.9849853515625,725.2246704101564,332,0.47245299517696326
48854,6,81.48382568359375,865.2301025390625,204,0.8443491644229744
48854,8,102.18182373046875,946.706787109375,205,0.8358083133784697
48854,3,136.2999267578125,1048.8900146484375,253,0.5683889719096313
48854,2,95.384033203125,1185.1739501953125,202,0.7743332307986146
48859,7,163.12197494506836,44.085330963134766,302,0.3241494537846151
48859,6,124.48300170898438,207.3072967529297,253,0.3131378971051224
48859,3,170.14898681640625,331.8063049316406,325,0.31791857595924
48859,10,187.46612548828125,502.0483093261719,345,0.2961743016057168
48859,5,181.64990234375,689.4052734375,344,0.2910925576878942
48859,4,203.315673828125,871.055419921875,306,0.33140168423506466
48859,2,142.666015625,1074.3709716796875,288,0.35591532742149057
48859,8,154,1217.0369873046875,270,0.41765506188732804
48859,9,179.365966796875,1371.04296875,341,0.383430774420621
48859,1,184.3330078125,1550.4200439453125,348,0.36265981959080607
48930,3,186.6716537475586,74.7403335571289,316,0.19889222188616495
48930,6,129.88330078125,261.52801513671875,253,0.27118791874222636
48930,8,151.02783203125,391.4129028320313,254,0.2831696662105069
48930,10,219.9971923828125,542.43817138671875,345,0.2676636341563545
48930,7,170.52056884765636,762.42047119140625,292,0.24053207397569243
48930,5,178.08111572265614,932.9425048828124,347,0.2671194565244832
48930,9,216.7340087890625,1111.0780029296875,291,0.18982247815359854
48930,2,150.39501953125,1327.7659912109375,248,0.28743526750215165
48930,1,195.093017578125,1478.1519775390625,340,0.16730011758203234
48930,4,188.5169677734375,1673.260986328125,298,0.2985758831242158
48932,1,202.82297134399414,53.08433151245117,347,0.25678307174333437
48932,5,194.46400451660156,256.0072937011719,349,0.6477054851105207
48932,10,249.71401977539063,450.4713134765625,348,0.5424310140206778
48932,6,108.99908447265625,700.186279296875,238,0.4966521123708395
48932,4,209.26361083984386,809.184326171875,318,0.3309533633487567
48932,7,207.4310302734374,1018.447998046875,336,0.349281743346027
48932,2,112.0489501953125,1225.8790283203125,231,0.6319541919900005
48932,9,194.0150146484375,1337.927978515625,272,0.3059368590023299
48932,8,125.7640380859375,1531.9429931640625,212,0.622873500841159
48932,3,182.14794921875,1657.70703125,302,0.5337175073712864
48934,5,171.66219329833984,51.057899475097656,343,0.21337762355157763
48934,4,186.77511596679688,222.8311004638672,297,0.3722802667991487
48934,8,120.44216918945313,409.6064147949219,234,0.35669737120164224
48934,2,117.85369873046875,530.0374755859375,208,0.27849392780579074
48934,1,170.78564453125,647.90228271484375,343,0.17232639169769837
48934,9,181.8852539062501,818.68731689453125,288,0.26682510508352464
48934,7,212.718994140625,1244.991943359375,254,0.22622898708820727
48934,3,202.7080078125,1457.7110595703125,259,0.35122391194352054
48934,6,139.0970458984375,1660.4169921875,206,0.3578044466505039
48948,7,170.39997482299802,58.32252883911133,268,0.2285448531021531
48948,4,230.43200683593753,228.8394012451172,274,0.3648454933365476
48948,5,223.83181762695313,459.27099609375,338,0.27594921205716383
48948,10,210.13189697265636,683.10302734375,347,0.42382410479904165
48948,6,128.0157470703124,893.2349853515625,234,0.31046754765656503
48948,3,185.78204345703125,1021.2509765625,313,0.27833832259216695
48948,9,234.781982421875,1207.0159912109375,287,0.2743760552875154
48948,2,141.7490234375,1441.7979736328125,243,0.2582276130445387
48948,8,147.7821044921875,1787.4620361328125,224,0.36281864853776047
48951,8,104.89039611816406,80.512603759765625,222,0.5174370051916917
48951,10,163.5977020263672,185.52000427246097,345,0.37605386944998664
48951,9,162.48028564453125,349.10089111328125,324,0.35989626171040356
48951,7,109.65982055664063,511.59710693359375,293,0.31846760698117005
48951,5,141.01519775390625,621.24102783203125,347,0.45809679111748025
48951,4,146.6021728515626,762.2725830078125,288,0.47310158457296136
48951,1,152.5078124999999,908.8751220703124,344,0.30676411523039715
48951,2,103.572021484375,1061.3819580078125,245,0.33927819639519186
48951,6,93.7650146484375,1164.9539794921875,238,0.3295776419570746
48951,3,143.583984375,1258.7030029296875,343,0.372322989335077
48952,2,100.65699768066406,39.313201904296875,211,0.5729151609123764
48952,3,154.7263946533203,140.0706024169922,284,0.6957699271101743
48952,7,142.68649291992188,294.81988525390625,273,0.6833820176477355
48952,1,178.17062377929688,437.4834899902344,348,0.315247225238489
48952,8,473.7032470703125,615.65380859375,208,0.7549710451947111
48952,9,150.68701171875,1089.365966796875,275,0.4449329154790903
48952,4,157.8160400390625,1240.0450439453125,284,0.47843804761049025
48952,5,242.2120361328125,1397.8599853515625,345,0.37982727865851895
48952,6,139.06298828125,1640.10595703125,239,0.4571252038800254
48952,10,286.8099365234375,1779.135009765625,335,0.46519175360944753
48982,3,168.12709426879883,56.44089889526367,327,0.18225231130790287
48982,9,288.92779541015625,224.6721038818359,280,0.4752321696631896
48982,8,103.4703369140625,513.59979248046875,212,0.6459718357793354
48982,5,155.42034912109375,617.0701904296875,349,0.26837974562972877
48982,4,177.4033203125,772.5009155273436,323,0.2531087864608276
48982,10,161.9332275390625,949.8939208984376,346,0.35512771627373096
48982,2,86.1949462890625,1111.8270263671875,204,0.8273072020827397
48982,6,82.3489990234375,1198.02197265625,210,0.6431426749269773
48982,7,146.998046875,1280.3709716796875,211,0.8146783729198539
48982,1,171.3070068359375,1427.3690185546875,346,0.24025748456313112
49024,10,207.67219161987305,59.36149978637695,349,0.33260535083463916
49024,1,177.78170776367188,267.1510009765625,348,0.2613315936901801
49024,5,165.94857788085938,444.9325866699219,348,0.1742440121575357
49024,4,208.19921875,610.88079833984375,301,0.23103811744827474
49024,2,132.34918212890636,819.07989501953125,263,0.31029160738400563
49024,7,144.3836669921874,951.4127197265624,303,0.15113496609112265
49024,8,143.06689453125,1095.7960205078125,239,0.2985851112787521
49024,3,164.8800048828125,1238.8780517578125,340,0.2741057289581983
49024,9,213.25,1403.7440185546875,310,0.2802398737893126
49024,6,114.8990478515625,1616.9940185546875,256,0.186525686103033
49025,9,201.07757568359375,49.82823181152344,321,0.32537487677548305
49025,5,155.58299255371094,251.0225067138672,337,0.29338064677274467
49025,7,148.09957885742188,406.6051940917969,287,0.2589521591286269
49025,1,182.18280029296875,554.705078125,345,0.2078924354252838
49025,4,205.03314208984364,736.87152099609375,296,0.26767245999569456
49025,8,115.48266601562511,941.9207763671876,255,0.33438560698199593
49025,10,163.416015625,1057.404052734375,343,0.32988575416399235
49025,3,161.134033203125,1220.8199462890625,304,0.3479928111704933
49025,6,90.781982421875,1381.9530029296875,214,0.5743169160499981
49025,2,102.833984375,1472.718994140625,207,0.5179551636419065
49035,8,121.27057647705078,45.19683074951172,262,0.26394902428286926
49035,4,160.15350341796875,166.58279418945313,324,0.31720138475013093
49035,6,86.420379638671875,326.72088623046875,212,0.5391825488773064
49035,3,152.00442504882813,413.1412963867187,342,0.26384255802965795
49035,7,135.43719482421875,565.16192626953125,281,0.3564419103092006
49035,5,153.30426025390636,700.59918212890625,346,0.3136023711441176
49035,9,129.00384521484364,853.90362548828125,300,0.33767786417875123
49035,10,158.720947265625,982.90771484375,344,0.30793542217155245
49035,2,102.653076171875,1141.6290283203125,238,0.4472811028054011
49035,1,155.1710205078125,1244.281005859375,343,0.2325031527596625
49040,6,117.30999755859375,56.064300537109375,233,0.26693008806067486
49040,5,170.40701293945313,173.48989868164065,345,0.28732974708669046
49040,3,146.27627563476563,343.88140869140625,281,0.3734708466153883
49040,8,115.94479370117188,490.17388916015625,213,0.5916095998760986
49040,4,166.55731201171875,606.11810302734375,283,0.3576368104730058
49040,2,112.328125,772.6597900390625,242,0.43627001314757297
49040,7,151.6591796875,885.00531005859375,287,0.2832208324011888
49040,10,154.458984375,1036.64794921875,340,0.3801944935738024
49040,1,209.123046875,1191.10595703125,346,0.2531630404614631
49040,9,179.94091796875,1400.22900390625,298,0.3844023612818904
49041,5,203.27801513671875,262.87298583984375,347,0.22602369977619352
49041,6,144.5670166015625,466.2669982910156,225,0.16905959084232958
49041,10,229.54901123046875,610.833984375,343,0.24268012726455113
49041,8,185.81793212890625,840.36700439453125,232,0.2301059338141631
49041,9,254.2650146484375,1026.2010498046875,273,0.31617902949881405
49041,3,207.570068359375,1280.449951171875,300,0.2706273112944422
49041,2,143.0830078125,1488.02294921875,234,0.28120409444868455
49041,1,222.56689453125,1631.10302734375,349,0.22182009210184117
49041,4,242.7779541015625,1853.6700439453125,278,0.2665542519010895
49041,7,176.93310546875,2096.447998046875,276,0.2540990618777432
49058,8,126.12470245361328,51.55970001220703,237,0.28919933277886645
49058,10,160.75331115722656,177.78480529785156,236,0.23042810233379385
49058,4,180.51907348632813,338.5378112792969,290,0.3385565577418417
49058,9,149.551513671875,519.0731201171875,286,0.3614316362562703
49058,3,170.585693359375,668.60858154296875,292,0.3108128702035997
49058,7,139.51800537109375,839.20947265625,286,0.3573461726310483
49058,1,163.71905517578125,978.728271484375,346,0.23165589721348967
49058,2,95.616943359375,1142.447021484375,207,0.7599421726191573
49058,5,145.66796875,1238.06396484375,345,0.34023982686485366
49058,6,91.9010009765625,1383.7159423828125,204,0.6223745703441467
49061,1,163.13229370117185,36.49440002441406,347,0.3673950204113019
49061,10,161.74250793457034,199.7366943359375,347,0.4158105524623177
49061,6,44.6658935546875,361.47711181640625,97,0.2927313255552596
49061,4,213.6080322265625,1337.8590087890625,251,0.29593001160195076
49069,8,104.49759674072266,43.490699768066406,231,0.47568193028432115
49069,4,159.24668884277344,148.09320068359375,288,0.3538401269989988
49069,3,136.37872314453125,307.3742980957031,313,0.4740723721589605
49069,7,107.15936279296875,443.7179870605469,243,0.3830003462914049
49069,9,125.9691162109375,550.87701416015625,291,0.4577228243202438
49069,2,95.98382568359375,676.8463134765625,216,0.5484321370022345
49069,6,78.614990234375,772.83038330078125,226,0.5762612693933411
49069,1,147.5745849609375,851.44488525390625,347,0.3946065315908722
49069,10,138.67645263671875,999.0194702148436,345,0.507423312431027
49069,5,122.114990234375,1137.696044921875,344,0.5014675643086892
49074,8,189.88390350341797,93.43250274658205,249,0.2898440667498765
49074,4,233.88397216796875,283.43280029296875,282,0.20110135761740278
49074,1,225.90069580078125,517.3167724609375,346,0.2563447054311413
49074,3,197.583740234375,743.217529296875,316,0.2635780495703597
49074,10,226.667236328125,940.801513671875,347,0.3154079256471527
49074,5,207.6669921875,1167.468994140625,348,0.14399201040836918
49074,9,214.6669921875,1375.135986328125,306,0.36921433989210506
49074,7,153.2509765625,1589.802978515625,282,0.18332097314386697
49074,2,145.2330322265625,1743.052978515625,244,0.20618310912124382
49074,6,115.3499755859375,1888.2869873046875,223,0.2628686747929696
49098,9,208.632080078125,57.486328125,264,0.319093076229067
49098,2,157.51638793945313,266.2265930175781,264,0.2897441750813381
49098,10,284.6435852050781,423.7474060058594,345,0.2912337395449929
49098,6,140.7695312500001,708.40667724609375,231,0.21700189387257895
49098,5,233.14508056640614,849.1619873046875,348,0.23029852374032467
49098,3,239.7760009765625,1082.3690185546875,295,0.3164678898844544
49098,1,228.093994140625,1322.0780029296875,344,0.26711776407146526
49098,8,148.7239990234375,1550.196044921875,223,0.37171397477003576
49098,4,239.4339599609375,1698.9560546875,278,0.3226845804040991
49098,7,204.39111328125,1938.4599609375,276,0.22283613569486316
49103,4,165.3869972229004,40.69559860229492,316,0.34411227778528264
49103,3,168.1929168701172,206.18299865722656,334,0.25882695185271176
49103,2,118.0513916015625,374.3796997070313,220,0.4921830380829515
49103,1,178.618408203125,492.43109130859375,347,0.27550637885196316
49103,9,226.7427978515625,671.05120849609375,294,0.28087760505815806
49103,10,171.077880859375,897.7919921875,347,0.40736935925400375
49103,8,176.958984375,1068.8699951171875,254,0.46754979887927406
49103,6,102.406982421875,1245.8289794921875,215,0.46825364102858824
49103,7,127.9180908203125,1348.2359619140625,216,0.3795426506804632
49103,5,166.0299072265625,1476.154052734375,348,0.3063201476962236
49111,1,183.2703094482422,154.30799865722656,260,0.015247866486158501
49111,8,167.73638916015625,337.7995910644531,157,0.4873452054217834
49111,10,163.294921875,506.0031127929687,244,0.36520612743898384
49111,4,196.08355712890625,811.47412109375,187,0.20665601406318368
49111,6,91.571044921875,1007.5670166015624,157,0.5677142553294764
49111,2,101.322998046875,1099.137939453125,127,0.5650767925570765
49111,3,148.324951171875,1200.4749755859375,152,0.5645639503205601
49111,9,158.864013671875,1348.779052734375,208,0.4256307152508241
49187,3,149.7176628112793,51.00603103637695,351,0.34988634894437665
49187,5,145.56561279296875,200.8975067138672,348,0.3376357124691701
49187,4,187.0830078125,346.4059143066406,335,0.32399365397232094
49187,1,146.53240966796875,533.48858642578125,348,0.3568018622220944
49187,9,138.6492919921875,680.00482177734375,260,0.3672979837086654
49187,8,128.5159912109375,1107.9200439453125,186,0.2768892903506903
49187,2,121.4320068359375,1236.43603515625,289,0.2623625138226775
49187,10,181.2000732421875,1357.8690185546875,347,0.3983900114111112
49216,10,195.09727478027344,68.45762634277344,337,0.3168039873764127
49216,8,128.423095703125,263.67181396484375,266,0.3930495272373543
49216,7,149.08181762695313,392.07818603515625,310,0.21290154767691893
49216,4,207.5302734375,541.192626953125,314,0.27805168252618084
49216,5,159.5726318359374,748.7061767578125,346,0.2549214321678509
49216,1,170.2733154296876,908.2794189453124,349,0.261471546795609
49216,2,125.1649169921875,1078.552001953125,272,0.28559400391811307
49216,9,204.6719970703125,1203.717041015625,343,0.325004476758588
49216,6,115.507080078125,1408.373046875,269,0.29256701785530614
49221,4,179.89030456542972,49.44309997558594,274,0.27927616535757194
49221,9,228.50250244140622,229.43370056152344,286,0.40136135659117866
49221,5,192.75686645507813,457.9371032714844,342,0.2788917357506375
49221,8,130.95941162109375,650.693603515625,225,0.37321835473539067
49221,7,147.02691650390625,781.6688842773436,266,0.2006704980459666
49221,3,176.993896484375,928.69488525390625,298,0.37007979164309646
49221,1,163.7869873046875,1105.68701171875,344,0.2834310501277274
49221,10,217.4730224609375,1269.4599609375,335,0.34611482028896967
49221,6,87.47900390625,1486.949951171875,226,0.47631975690193396
49221,2,139.9420166015625,1574.427978515625,260,0.2780982609071264
49224,6,111.82697296142578,66.4654312133789,229,0.3396078541328038
49224,7,183.1663055419922,178.40919494628906,273,0.16254751097292597
49224,9,231.24978637695313,361.5751037597656,317,0.32651896658575974
49224,1,212.6163330078125,592.823974609375,344,0.3478233197246229
49224,10,262.01611328125,805.4412841796875,345,0.29984276436164414
49224,2,115.9830322265625,1067.4580078125,215,0.3546588770321367
49224,8,139.3499755859375,1183.4239501953125,221,0.4091922077083545
49224,3,197.695068359375,1322.791015625,305,0.271897677509747
49224,5,241.3499755859375,1520.7320556640625,155,0.5228896363413852
49277,3,222.7168960571289,79.84420013427734,317,0.18789695642920767
49277,10,218.53240966796875,302.6919860839844,349,0.3178765410516019
49277,7,174.66571044921875,521.1937255859375,233,0.13265434761544392
49277,2,145.18316650390625,695.87579345703125,224,0.442439200958781
49277,5,198.482666015625,841.0430908203125,346,0.3345753968265084
49277,1,194.56591796875,1039.5250244140625,347,0.31562466900197783
49277,4,185.25,1234.092041015625,337,0.3620660877399977
49277,9,196.5660400390625,1419.3409423828125,320,0.29272351769753635
49277,8,130.4339599609375,1615.9090576171875,237,0.24429768589920908
49277,6,87.916015625,1746.3409423828125,202,0.7539600160282318
49279,2,92.110198974609375,38.37480163574219,234,0.3878785551782239
49279,10,140.4019012451172,130.58799743652344,343,0.3852384782224325
49279,4,146.13400268554688,270.9901123046875,351,0.38998627783798967
49279,6,89.94619750976568,417.1239013671875,233,0.5126225451835145
49279,5,143.08630371093744,507.0700988769531,347,0.3847045034185199
49279,9,145.1408691406249,650.1563720703125,338,0.33065018169640825
49279,3,143.2440185546876,795.29718017578125,356,0.4206595305884877
49279,7,131.81976318359375,938.54132080078125,288,0.2777140164320764
49279,8,94.0919189453125,1070.3609619140625,232,0.4641831160969748
49279,1,159.740966796875,1164.4530029296875,347,0.30271329769327826
