file_no,file_name,subject
1,exp_for_46986_lvl_1.csv,46986
2,exp_for_46986_lvl_10.csv,46986
3,exp_for_46986_lvl_2.csv,46986
4,exp_for_46986_lvl_3.csv,46986
5,exp_for_46986_lvl_4.csv,46986
6,exp_for_46986_lvl_5.csv,46986
7,exp_for_46986_lvl_6.csv,46986
8,exp_for_46986_lvl_7.csv,46986
9,exp_for_46986_lvl_8.csv,46986
10,exp_for_46986_lvl_9.csv,46986
21,exp_for_47220_lvl_1.csv,47220
22,exp_for_47220_lvl_10.csv,47220
23,exp_for_47220_lvl_2.csv,47220
24,exp_for_47220_lvl_3.csv,47220
25,exp_for_47220_lvl_4.csv,47220
26,exp_for_47220_lvl_5.csv,47220
27,exp_for_47220_lvl_6.csv,47220
28,exp_for_47220_lvl_7.csv,47220
29,exp_for_47220_lvl_8.csv,47220
30,exp_for_47220_lvl_9.csv,47220
56,exp_for_48122_lvl_1.csv,48122
57,exp_for_48122_lvl_10.csv,48122
58,exp_for_48122_lvl_2.csv,48122
59,exp_for_48122_lvl_3.csv,48122
60,exp_for_48122_lvl_4.csv,48122
61,exp_for_48122_lvl_5.csv,48122
62,exp_for_48122_lvl_6.csv,48122
63,exp_for_48122_lvl_7.csv,48122
64,exp_for_48122_lvl_8.csv,48122
65,exp_for_48122_lvl_9.csv,48122
66,exp_for_48262_lvl_1.csv,48262
67,exp_for_48262_lvl_10.csv,48262
68,exp_for_48262_lvl_2.csv,48262
69,exp_for_48262_lvl_3.csv,48262
70,exp_for_48262_lvl_4.csv,48262
71,exp_for_48262_lvl_5.csv,48262
72,exp_for_48262_lvl_6.csv,48262
73,exp_for_48262_lvl_7.csv,48262
74,exp_for_48262_lvl_8.csv,48262
75,exp_for_48262_lvl_9.csv,48262
86,exp_for_48480_lvl_1.csv,48480
87,exp_for_48480_lvl_10.csv,48480
88,exp_for_48480_lvl_2.csv,48480
89,exp_for_48480_lvl_3.csv,48480
90,exp_for_48480_lvl_4.csv,48480
91,exp_for_48480_lvl_5.csv,48480
92,exp_for_48480_lvl_6.csv,48480
93,exp_for_48480_lvl_7.csv,48480
94,exp_for_48480_lvl_8.csv,48480
95,exp_for_48484_lvl_1.csv,48484
96,exp_for_48484_lvl_10.csv,48484
97,exp_for_48484_lvl_2.csv,48484
98,exp_for_48484_lvl_3.csv,48484
99,exp_for_48484_lvl_4.csv,48484
100,exp_for_48484_lvl_5.csv,48484
101,exp_for_48484_lvl_6.csv,48484
102,exp_for_48484_lvl_7.csv,48484
103,exp_for_48484_lvl_8.csv,48484
104,exp_for_48484_lvl_9.csv,48484
135,exp_for_48490_lvl_1.csv,48490
136,exp_for_48490_lvl_10.csv,48490
137,exp_for_48490_lvl_2.csv,48490
138,exp_for_48490_lvl_3.csv,48490
139,exp_for_48490_lvl_4.csv,48490
140,exp_for_48490_lvl_5.csv,48490
141,exp_for_48490_lvl_6.csv,48490
142,exp_for_48490_lvl_7.csv,48490
143,exp_for_48490_lvl_8.csv,48490
144,exp_for_48490_lvl_9.csv,48490
155,exp_for_48496_lvl_1.csv,48496
156,exp_for_48496_lvl_10.csv,48496
157,exp_for_48496_lvl_2.csv,48496
158,exp_for_48496_lvl_3.csv,48496
159,exp_for_48496_lvl_4.csv,48496
160,exp_for_48496_lvl_5.csv,48496
161,exp_for_48496_lvl_6.csv,48496
162,exp_for_48496_lvl_7.csv,48496
163,exp_for_48496_lvl_8.csv,48496
164,exp_for_48496_lvl_9.csv,48496
175,exp_for_48498_lvl_1.csv,48498
176,exp_for_48498_lvl_10.csv,48498
177,exp_for_48498_lvl_2.csv,48498
178,exp_for_48498_lvl_3.csv,48498
179,exp_for_48498_lvl_4.csv,48498
180,exp_for_48498_lvl_5.csv,48498
181,exp_for_48498_lvl_6.csv,48498
182,exp_for_48498_lvl_7.csv,48498
183,exp_for_48498_lvl_8.csv,48498
184,exp_for_48498_lvl_9.csv,48498
185,exp_for_48501_lvl_1.csv,48501
186,exp_for_48501_lvl_10.csv,48501
187,exp_for_48501_lvl_2.csv,48501
188,exp_for_48501_lvl_3.csv,48501
189,exp_for_48501_lvl_4.csv,48501
190,exp_for_48501_lvl_5.csv,48501
191,exp_for_48501_lvl_6.csv,48501
192,exp_for_48501_lvl_7.csv,48501
193,exp_for_48501_lvl_8.csv,48501
194,exp_for_48501_lvl_9.csv,48501
195,exp_for_48504_lvl_1.csv,48504
196,exp_for_48504_lvl_2.csv,48504
197,exp_for_48504_lvl_3.csv,48504
198,exp_for_48504_lvl_4.csv,48504
199,exp_for_48504_lvl_5.csv,48504
200,exp_for_48504_lvl_6.csv,48504
201,exp_for_48504_lvl_7.csv,48504
202,exp_for_48504_lvl_8.csv,48504
203,exp_for_48504_lvl_9.csv,48504
204,exp_for_48508_lvl_1.csv,48508
205,exp_for_48508_lvl_10.csv,48508
206,exp_for_48508_lvl_2.csv,48508
207,exp_for_48508_lvl_3.csv,48508
208,exp_for_48508_lvl_4.csv,48508
209,exp_for_48508_lvl_5.csv,48508
210,exp_for_48508_lvl_6.csv,48508
211,exp_for_48508_lvl_7.csv,48508
212,exp_for_48508_lvl_8.csv,48508
213,exp_for_48508_lvl_9.csv,48508
232,exp_for_48532_lvl_1.csv,48532
233,exp_for_48532_lvl_10.csv,48532
234,exp_for_48532_lvl_2.csv,48532
235,exp_for_48532_lvl_3.csv,48532
236,exp_for_48532_lvl_4.csv,48532
237,exp_for_48532_lvl_5.csv,48532
238,exp_for_48532_lvl_6.csv,48532
239,exp_for_48532_lvl_7.csv,48532
240,exp_for_48532_lvl_8.csv,48532
241,exp_for_48532_lvl_9.csv,48532
252,exp_for_48540_lvl_1.csv,48540
253,exp_for_48540_lvl_10.csv,48540
254,exp_for_48540_lvl_2.csv,48540
255,exp_for_48540_lvl_3.csv,48540
256,exp_for_48540_lvl_4.csv,48540
257,exp_for_48540_lvl_5.csv,48540
258,exp_for_48540_lvl_6.csv,48540
259,exp_for_48540_lvl_7.csv,48540
260,exp_for_48540_lvl_8.csv,48540
261,exp_for_48540_lvl_9.csv,48540
262,exp_for_48543_lvl_1.csv,48543
263,exp_for_48543_lvl_2.csv,48543
264,exp_for_48543_lvl_3.csv,48543
265,exp_for_48543_lvl_4.csv,48543
266,exp_for_48543_lvl_5.csv,48543
267,exp_for_48543_lvl_9.csv,48543
278,exp_for_48550_lvl_1.csv,48550
279,exp_for_48550_lvl_10.csv,48550
280,exp_for_48550_lvl_2.csv,48550
281,exp_for_48550_lvl_3.csv,48550
282,exp_for_48550_lvl_4.csv,48550
283,exp_for_48550_lvl_5.csv,48550
284,exp_for_48550_lvl_6.csv,48550
285,exp_for_48550_lvl_7.csv,48550
286,exp_for_48550_lvl_8.csv,48550
287,exp_for_48550_lvl_9.csv,48550
298,exp_for_48572_lvl_1.csv,48572
299,exp_for_48572_lvl_10.csv,48572
300,exp_for_48572_lvl_2.csv,48572
301,exp_for_48572_lvl_3.csv,48572
302,exp_for_48572_lvl_4.csv,48572
303,exp_for_48572_lvl_5.csv,48572
304,exp_for_48572_lvl_6.csv,48572
305,exp_for_48572_lvl_7.csv,48572
306,exp_for_48572_lvl_8.csv,48572
307,exp_for_48572_lvl_9.csv,48572
318,exp_for_48580_lvl_1.csv,48580
319,exp_for_48580_lvl_10.csv,48580
320,exp_for_48580_lvl_2.csv,48580
321,exp_for_48580_lvl_3.csv,48580
322,exp_for_48580_lvl_4.csv,48580
323,exp_for_48580_lvl_5.csv,48580
324,exp_for_48580_lvl_6.csv,48580
325,exp_for_48580_lvl_7.csv,48580
326,exp_for_48580_lvl_8.csv,48580
327,exp_for_48580_lvl_9.csv,48580
338,exp_for_48588_lvl_1.csv,48588
339,exp_for_48588_lvl_10.csv,48588
340,exp_for_48588_lvl_2.csv,48588
341,exp_for_48588_lvl_3.csv,48588
342,exp_for_48588_lvl_4.csv,48588
343,exp_for_48588_lvl_5.csv,48588
344,exp_for_48588_lvl_6.csv,48588
345,exp_for_48588_lvl_7.csv,48588
346,exp_for_48588_lvl_8.csv,48588
347,exp_for_48588_lvl_9.csv,48588
367,exp_for_48598_lvl_1.csv,48598
368,exp_for_48598_lvl_10.csv,48598
369,exp_for_48598_lvl_2.csv,48598
370,exp_for_48598_lvl_3.csv,48598
371,exp_for_48598_lvl_4.csv,48598
372,exp_for_48598_lvl_5.csv,48598
373,exp_for_48598_lvl_6.csv,48598
374,exp_for_48598_lvl_7.csv,48598
375,exp_for_48598_lvl_8.csv,48598
376,exp_for_48598_lvl_9.csv,48598
406,exp_for_48608_lvl_1.csv,48608
407,exp_for_48608_lvl_10.csv,48608
408,exp_for_48608_lvl_2.csv,48608
409,exp_for_48608_lvl_3.csv,48608
410,exp_for_48608_lvl_4.csv,48608
411,exp_for_48608_lvl_5.csv,48608
412,exp_for_48608_lvl_6.csv,48608
413,exp_for_48608_lvl_7.csv,48608
414,exp_for_48608_lvl_8.csv,48608
415,exp_for_48608_lvl_9.csv,48608
426,exp_for_48615_lvl_1.csv,48615
427,exp_for_48615_lvl_10.csv,48615
428,exp_for_48615_lvl_2.csv,48615
429,exp_for_48615_lvl_3.csv,48615
430,exp_for_48615_lvl_4.csv,48615
431,exp_for_48615_lvl_5.csv,48615
432,exp_for_48615_lvl_6.csv,48615
433,exp_for_48615_lvl_7.csv,48615
434,exp_for_48615_lvl_8.csv,48615
435,exp_for_48615_lvl_9.csv,48615
445,exp_for_48623_lvl_1.csv,48623
446,exp_for_48623_lvl_10.csv,48623
447,exp_for_48623_lvl_2.csv,48623
448,exp_for_48623_lvl_4.csv,48623
449,exp_for_48623_lvl_5.csv,48623
450,exp_for_48623_lvl_6.csv,48623
451,exp_for_48623_lvl_7.csv,48623
452,exp_for_48623_lvl_8.csv,48623
453,exp_for_48623_lvl_9.csv,48623
501,exp_for_48708_lvl_1.csv,48708
502,exp_for_48708_lvl_10.csv,48708
503,exp_for_48708_lvl_2.csv,48708
504,exp_for_48708_lvl_3.csv,48708
505,exp_for_48708_lvl_4.csv,48708
506,exp_for_48708_lvl_5.csv,48708
507,exp_for_48708_lvl_6.csv,48708
508,exp_for_48708_lvl_7.csv,48708
509,exp_for_48708_lvl_8.csv,48708
510,exp_for_48708_lvl_9.csv,48708
511,exp_for_48710_lvl_1.csv,48710
512,exp_for_48710_lvl_10.csv,48710
513,exp_for_48710_lvl_2.csv,48710
514,exp_for_48710_lvl_3.csv,48710
515,exp_for_48710_lvl_4.csv,48710
516,exp_for_48710_lvl_5.csv,48710
517,exp_for_48710_lvl_6.csv,48710
518,exp_for_48710_lvl_7.csv,48710
519,exp_for_48710_lvl_8.csv,48710
520,exp_for_48710_lvl_9.csv,48710
559,exp_for_48820_lvl_1.csv,48820
560,exp_for_48820_lvl_10.csv,48820
561,exp_for_48820_lvl_2.csv,48820
562,exp_for_48820_lvl_3.csv,48820
563,exp_for_48820_lvl_4.csv,48820
564,exp_for_48820_lvl_5.csv,48820
565,exp_for_48820_lvl_6.csv,48820
566,exp_for_48820_lvl_7.csv,48820
567,exp_for_48820_lvl_8.csv,48820
568,exp_for_48820_lvl_9.csv,48820
569,exp_for_48842_lvl_1.csv,48842
570,exp_for_48842_lvl_10.csv,48842
571,exp_for_48842_lvl_2.csv,48842
572,exp_for_48842_lvl_3.csv,48842
573,exp_for_48842_lvl_4.csv,48842
574,exp_for_48842_lvl_5.csv,48842
575,exp_for_48842_lvl_6.csv,48842
576,exp_for_48842_lvl_7.csv,48842
577,exp_for_48842_lvl_8.csv,48842
578,exp_for_48842_lvl_9.csv,48842
579,exp_for_48854_lvl_1.csv,48854
580,exp_for_48854_lvl_10.csv,48854
581,exp_for_48854_lvl_2.csv,48854
582,exp_for_48854_lvl_3.csv,48854
583,exp_for_48854_lvl_4.csv,48854
584,exp_for_48854_lvl_5.csv,48854
585,exp_for_48854_lvl_6.csv,48854
586,exp_for_48854_lvl_7.csv,48854
587,exp_for_48854_lvl_8.csv,48854
588,exp_for_48854_lvl_9.csv,48854
589,exp_for_48859_lvl_1.csv,48859
590,exp_for_48859_lvl_10.csv,48859
591,exp_for_48859_lvl_2.csv,48859
592,exp_for_48859_lvl_3.csv,48859
593,exp_for_48859_lvl_4.csv,48859
594,exp_for_48859_lvl_5.csv,48859
595,exp_for_48859_lvl_6.csv,48859
596,exp_for_48859_lvl_7.csv,48859
597,exp_for_48859_lvl_8.csv,48859
598,exp_for_48859_lvl_9.csv,48859
599,exp_for_48930_lvl_1.csv,48930
600,exp_for_48930_lvl_10.csv,48930
601,exp_for_48930_lvl_2.csv,48930
602,exp_for_48930_lvl_3.csv,48930
603,exp_for_48930_lvl_4.csv,48930
604,exp_for_48930_lvl_5.csv,48930
605,exp_for_48930_lvl_6.csv,48930
606,exp_for_48930_lvl_7.csv,48930
607,exp_for_48930_lvl_8.csv,48930
608,exp_for_48930_lvl_9.csv,48930
619,exp_for_48934_lvl_1.csv,48934
620,exp_for_48934_lvl_2.csv,48934
621,exp_for_48934_lvl_3.csv,48934
622,exp_for_48934_lvl_4.csv,48934
623,exp_for_48934_lvl_5.csv,48934
624,exp_for_48934_lvl_6.csv,48934
625,exp_for_48934_lvl_7.csv,48934
626,exp_for_48934_lvl_8.csv,48934
627,exp_for_48934_lvl_9.csv,48934
628,exp_for_48948_lvl_10.csv,48948
629,exp_for_48948_lvl_2.csv,48948
630,exp_for_48948_lvl_3.csv,48948
631,exp_for_48948_lvl_4.csv,48948
632,exp_for_48948_lvl_5.csv,48948
633,exp_for_48948_lvl_6.csv,48948
634,exp_for_48948_lvl_7.csv,48948
635,exp_for_48948_lvl_8.csv,48948
636,exp_for_48948_lvl_9.csv,48948
647,exp_for_48952_lvl_1.csv,48952
648,exp_for_48952_lvl_10.csv,48952
649,exp_for_48952_lvl_2.csv,48952
650,exp_for_48952_lvl_3.csv,48952
651,exp_for_48952_lvl_4.csv,48952
652,exp_for_48952_lvl_5.csv,48952
653,exp_for_48952_lvl_6.csv,48952
654,exp_for_48952_lvl_7.csv,48952
655,exp_for_48952_lvl_8.csv,48952
656,exp_for_48952_lvl_9.csv,48952
707,exp_for_49041_lvl_1.csv,49041
708,exp_for_49041_lvl_10.csv,49041
709,exp_for_49041_lvl_2.csv,49041
710,exp_for_49041_lvl_3.csv,49041
711,exp_for_49041_lvl_4.csv,49041
712,exp_for_49041_lvl_5.csv,49041
713,exp_for_49041_lvl_6.csv,49041
714,exp_for_49041_lvl_7.csv,49041
715,exp_for_49041_lvl_8.csv,49041
716,exp_for_49041_lvl_9.csv,49041
787,exp_for_49216_lvl_1.csv,49216
788,exp_for_49216_lvl_10.csv,49216
789,exp_for_49216_lvl_2.csv,49216
790,exp_for_49216_lvl_4.csv,49216
791,exp_for_49216_lvl_5.csv,49216
792,exp_for_49216_lvl_6.csv,49216
793,exp_for_49216_lvl_7.csv,49216
794,exp_for_49216_lvl_8.csv,49216
795,exp_for_49216_lvl_9.csv,49216
