subject,level,collection_num,obj_ID,point_value,distance,turning_angle,neighbor_value,used,time
47601.0,9.0,1,1,5,30.022117280847414,1.9702627204074354,0.613407053921902,0,1084.7860107421875
47601.0,9.0,1,2,2,24.9354109245991,2.0936101544087995,0.682842712474619,0,1084.7860107421875
47601.0,9.0,1,3,4,26.88590443626939,1.9155667934503398,0.8513997106635237,0,1084.7860107421875
47601.0,9.0,1,4,5,29.562290113145902,1.7656204121381183,0.682842712474619,0,1084.7860107421875
47601.0,9.0,1,5,2,23.528295033634222,1.9596024089737,0.848528137423857,0,1084.7860107421875
47601.0,9.0,1,6,4,26.070247535597563,1.7855349250564752,0.848528137423857,0,1084.7860107421875
47601.0,9.0,1,7,1,19.191286550383943,2.1879406896215055,0.613407053921902,0,1084.7860107421875
47601.0,9.0,1,8,1,20.2313982962934,2.018136716242964,0.8513997106635237,0,1084.7860107421875
47601.0,9.0,1,9,4,22.591737790636145,1.8115951750062793,0.848528137423857,0,1084.7860107421875
47601.0,9.0,1,10,4,25.718937687596107,1.6495671942419166,0.8513997106635237,0,1084.7860107421875
47601.0,9.0,1,11,5,28.230617303607925,1.5590755916184567,0.613407053921902,0,1084.7860107421875
47601.0,9.0,1,12,2,19.134142944861264,1.8471056790322629,0.848528137423857,0,1084.7860107421875
47601.0,9.0,1,13,2,22.18541335229024,1.6545568730679825,0.848528137423857,0,1084.7860107421875
47601.0,9.0,1,14,1,15.711277353159756,1.898178815082339,0.682842712474619,0,1084.7860107421875
47601.0,9.0,1,15,1,18.652650627873363,1.6614368453175468,0.8513997106635237,0,1084.7860107421875
47601.0,9.0,1,16,2,22.338274660839378,1.4957216727578742,0.682842712474619,0,1084.7860107421875
47601.0,9.0,1,17,1,16.246405964912906,1.5153021334410512,0.613407053921902,0,1084.7860107421875
47601.0,9.0,1,18,5,37.96471391965639,2.8795260484323206,0.37888543819998316,0,1084.7860107421875
47601.0,9.0,1,19,5,39.70768166603045,3.164930036403259,0.3414213562373095,0,1084.7860107421875
47601.0,9.0,1,20,4,33.59842648169701,2.9477543568463918,0.482842712474619,0,1084.7860107421875
47601.0,9.0,1,21,2,29.681788032414538,2.6553507243769072,0.3414213562373095,0,1084.7860107421875
47601.0,9.0,1,22,4,32.63911582308951,3.1597054240874867,0.4242640687119285,0,1084.7860107421875
47601.0,9.0,1,23,2,26.785558804479702,2.8846300229251396,0.4242640687119285,0,1084.7860107421875
47601.0,9.0,1,24,5,37.425824800564,3.4498104397519347,0.37888543819998316,0,1084.7860107421875
47601.0,9.0,1,25,4,33.19291342109194,3.374286098161598,0.482842712474619,0,1084.7860107421875
47601.0,9.0,1,26,4,25.57193344538683,3.1515926791129205,0.4242640687119285,0,1084.7860107421875
47601.0,9.0,1,27,1,20.1513785853594,2.7792577110241017,0.482842712474619,0,1084.7860107421875
47601.0,9.0,1,28,1,18.898550163122977,2.530576443154531,0.4538461538461539,0,1084.7860107421875
47601.0,9.0,1,29,2,26.275109891346727,3.4238723581156267,0.4242640687119285,0,1084.7860107421875
47601.0,9.0,1,30,2,18.50771943156516,3.1372851922624876,0.4242640687119285,0,1084.7860107421875
47601.0,9.0,1,31,2,28.754808632112294,3.6653731741557403,0.3414213562373095,0,1084.7860107421875
47601.0,9.0,1,32,1,19.467750209631,3.5084842282516644,0.482842712474619,0,1084.7860107421875
47601.0,9.0,1,33,1,11.451968257892434,3.1053326166829045,0.3414213562373095,0,1084.7860107421875
47601.0,9.0,1,34,1,17.791235405930504,3.7622756933336823,0.4308640753373011,0,1084.7860107421875
47601.0,9.0,1,35,1,7.932476402145753,1.1199891151065635,0.6034068236642477,0,1084.7860107421875
47601.0,9.0,1,37,1,7.71028619454896,0.669557219419572,0.8513997106635237,0,1084.7860107421875
47601.0,9.0,1,38,2,12.669871845423152,0.7337581994817287,0.682842712474619,0,1084.7860107421875
47601.0,9.0,1,39,2,6.338558435115897,0.19911030837197108,0.848528137423857,1,1084.7860107421875
47601.0,9.0,1,40,2,10.782136263884485,0.4772891166601372,0.848528137423857,0,1084.7860107421875
47601.0,9.0,1,41,1,6.316813698740031,-0.8796721691322723,0.6034068236642477,0,1084.7860107421875
47601.0,9.0,1,42,1,6.7754064725967185,-0.3428653481491887,0.8513997106635237,0,1084.7860107421875
47601.0,9.0,1,43,4,9.84800854216219,0.14484662692023909,0.848528137423857,0,1084.7860107421875
47601.0,9.0,1,44,4,14.073393749344666,0.37240823433033055,0.8513997106635237,0,1084.7860107421875
47601.0,9.0,1,45,5,17.279016441580502,0.4625362469050956,0.613407053921902,0,1084.7860107421875
47601.0,9.0,1,46,2,10.13469694070948,-0.20973846231245685,0.848528137423857,0,1084.7860107421875
47601.0,9.0,1,47,4,13.371208676018039,0.11913297315714577,0.848528137423857,0,1084.7860107421875
47601.0,9.0,1,48,2,11.55166186804101,-0.5102361411563706,0.682842712474619,0,1084.7860107421875
47601.0,9.0,1,49,4,13.583741431989447,-0.1434838789234918,0.8513997106635237,0,1084.7860107421875
47601.0,9.0,1,50,5,16.89956125669364,0.10414975272922022,0.682842712474619,0,1084.7860107421875
47601.0,9.0,1,51,5,16.599468745185785,-0.2618488494300092,0.613407053921902,0,1084.7860107421875
47601.0,9.0,1,52,1,22.427342172809695,-2.252819095049019,0.4308640753373011,0,1084.7860107421875
47601.0,9.0,1,53,2,32.990394923761485,-2.1180304162578865,0.3414213562373095,0,1084.7860107421875
47601.0,9.0,1,54,1,23.249095379840814,-2.0364078502991063,0.482842712474619,0,1084.7860107421875
47601.0,9.0,1,55,1,13.880731779561318,-1.841396805018082,0.3414213562373095,0,1084.7860107421875
47601.0,9.0,1,56,2,29.6138152835461,-1.918934207482216,0.4242640687119285,0,1084.7860107421875
47601.0,9.0,1,57,2,20.715509513482324,-1.734448366242757,0.4242640687119285,0,1084.7860107421875
47601.0,9.0,1,58,4,36.24135311098417,-1.8436761880606856,0.382842712474619,0,1084.7860107421875
47601.0,9.0,1,59,4,27.66929623373587,-1.6808726163724397,0.4242640687119285,0,1084.7860107421875
47601.0,9.0,1,60,1,20.438792352421853,-1.3893571677685044,0.482842712474619,0,1084.7860107421875
47601.0,9.0,1,61,1,17.85556978096784,-1.1647913251637365,0.37888543819998316,0,1084.7860107421875
47601.0,9.0,1,62,4,34.670557736172675,-1.6488711856651324,0.4242640687119285,0,1084.7860107421875
47601.0,9.0,1,63,2,27.46273570663475,-1.4237587007618386,0.4242640687119285,0,1084.7860107421875
47601.0,9.0,1,64,5,41.69538575675175,-1.627636882159047,0.3414213562373095,0,1084.7860107421875
47601.0,9.0,1,65,4,34.505933868822105,-1.4441330442527747,0.382842712474619,0,1084.7860107421875
47601.0,9.0,1,66,2,29.031254725118448,-1.178960297900383,0.3414213562373095,0,1084.7860107421875
47601.0,9.0,2,1,5,31.031457618294727,2.002750367266094,0.613407053921902,0,1085.0360107421875
47601.0,9.0,2,2,2,26.248787647996817,2.135699111457628,0.682842712474619,0,1085.0360107421875
47601.0,9.0,2,3,4,27.774239380023733,1.9591184520262166,0.8513997106635237,0,1085.0360107421875
47601.0,9.0,2,4,5,30.063564214645144,1.8051363620479681,0.682842712474619,0,1085.0360107421875
47601.0,9.0,2,5,2,24.53848390812136,2.013699873321391,0.848528137423857,0,1085.0360107421875
47601.0,9.0,2,6,4,26.637318045523312,1.835960971161598,0.848528137423857,0,1085.0360107421875
47601.0,9.0,2,7,1,20.734737706924076,2.2479057923434302,0.613407053921902,0,1085.0360107421875
47601.0,9.0,2,8,1,21.397803903190642,2.084570417037834,0.8513997106635237,0,1085.0360107421875
47601.0,9.0,2,9,4,23.24382782651411,1.8758337681414592,0.848528137423857,0,1085.0360107421875
47601.0,9.0,2,10,4,25.936172658622215,1.7040261827839935,0.8513997106635237,0,1085.0360107421875
47601.0,9.0,2,11,5,28.197902692972118,1.6052165096983906,0.613407053921902,0,1085.0360107421875
47601.0,9.0,2,12,2,19.899858074843184,1.9292174387533318,0.848528137423857,0,1085.0360107421875
47601.0,9.0,2,13,2,22.43688640493891,1.7249596001228027,0.848528137423857,0,1085.0360107421875
47601.0,9.0,2,14,1,16.63529893837713,2.0038420938829624,0.682842712474619,0,1085.0360107421875
47601.0,9.0,2,15,1,18.951060416726083,1.753610627807106,0.8513997106635237,0,1085.0360107421875
47601.0,9.0,2,16,2,22.170976772971308,1.566724558060415,0.682842712474619,0,1085.0360107421875
47601.0,9.0,2,17,1,16.18949357272307,1.6307714779690405,0.613407053921902,0,1085.0360107421875
47601.0,9.0,2,18,5,40.48724409568938,2.8519335489515476,0.37888543819998316,0,1085.0360107421875
47601.0,9.0,2,19,5,42.34696037563078,3.118977779509086,0.3414213562373095,0,1085.0360107421875
47601.0,9.0,2,20,4,36.16744521463612,2.9177420937848577,0.482842712474619,0,1085.0360107421875
47601.0,9.0,2,21,2,31.982856871332913,2.6498992745083445,0.3414213562373095,0,1085.0360107421875
47601.0,9.0,2,22,4,35.27806304340198,3.1144452680394394,0.4242640687119285,0,1085.0360107421875
47601.0,9.0,2,23,2,29.314855831006682,2.864171053729465,0.4242640687119285,0,1085.0360107421875
47601.0,9.0,2,24,5,39.98236924802672,3.3853305062980117,0.37888543819998316,0,1085.0360107421875
47601.0,9.0,2,25,4,35.79105154692698,3.3132445936565054,0.482842712474619,0,1085.0360107421875
47601.0,9.0,2,26,4,28.210253652408834,3.107641397727681,0.4242640687119285,0,1085.0360107421875
47601.0,9.0,2,27,1,22.597288585839404,2.7783652056378916,0.482842712474619,0,1085.0360107421875
47601.0,9.0,2,28,1,21.048680993851818,2.55994405572224,0.4538461538461539,0,1085.0360107421875
47601.0,9.0,2,29,2,28.849194960584004,3.355123195189522,0.4242640687119285,0,1085.0360107421875
47601.0,9.0,2,30,2,21.14462319768899,3.09628954402714,0.4242640687119285,0,1085.0360107421875
47601.0,9.0,2,31,2,31.12448696146372,3.5790160377689464,0.3414213562373095,0,1085.0360107421875
47601.0,9.0,2,32,1,21.989832398469684,3.4233184930233342,0.482842712474619,0,1085.0360107421875
47601.0,9.0,2,33,1,14.0844513280159,3.07355103728034,0.3414213562373095,0,1085.0360107421875
47601.0,9.0,2,34,1,20.060405973024512,3.6433851730206923,0.4308640753373011,0,1085.0360107421875
47601.0,9.0,2,35,1,7.062410085490888,1.407099898941159,0.6034068236642477,0,1085.0360107421875
47601.0,9.0,2,37,1,5.773616495618908,0.8918207661931578,0.7685569981889047,0,1085.0360107421875
47601.0,9.0,2,38,2,10.758446337074593,0.8424339777555782,0.682842712474619,0,1085.0360107421875
47601.0,9.0,2,40,2,8.454169797087323,0.5603330232654177,0.848528137423857,0,1085.0360107421875
47601.0,9.0,2,41,1,5.182241028219417,-1.3468366482137886,0.6034068236642477,0,1085.0360107421875
47601.0,9.0,2,42,1,4.448852231646081,-0.6180693903525254,0.7685569981889047,0,1085.0360107421875
47601.0,9.0,2,43,4,7.225081752357773,0.1329279697858029,0.848528137423857,1,1085.0360107421875
47601.0,9.0,2,44,4,11.602212137238494,0.39766258305071256,0.8513997106635237,0,1085.0360107421875
47601.0,9.0,2,45,5,14.901274797209329,0.4865859363054733,0.613407053921902,0,1085.0360107421875
47601.0,9.0,2,46,2,7.61121709705636,-0.3455383979860207,0.848528137423857,0,1085.0360107421875
47601.0,9.0,2,47,4,10.739652966821321,0.08928248898876912,0.848528137423857,0,1085.0360107421875
47601.0,9.0,2,48,2,9.415914457385052,-0.7066252664931134,0.682842712474619,0,1085.0360107421875
47601.0,9.0,2,49,4,11.00313433608914,-0.23649004740978485,0.8513997106635237,0,1085.0360107421875
47601.0,9.0,2,50,5,14.26458851026747,0.06718106455341688,0.682842712474619,0,1085.0360107421875
47601.0,9.0,2,51,5,14.10765666015668,-0.36629791022767755,0.613407053921902,0,1085.0360107421875
47601.0,9.0,2,52,1,24.266798852405255,3.9017155667225536,0.4308640753373011,0,1085.0360107421875
47601.0,9.0,2,53,2,34.53875569754078,-2.2288420118945047,0.3414213562373095,0,1085.0360107421875
47601.0,9.0,2,54,1,24.65247828176444,-2.177299622840498,0.482842712474619,0,1085.0360107421875
47601.0,9.0,2,55,1,14.918569828617267,-2.0577393474145245,0.3414213562373095,0,1085.0360107421875
47601.0,9.0,2,56,2,30.727875360548556,-2.0457532175572353,0.4242640687119285,0,1085.0360107421875
47601.0,9.0,2,57,2,21.424783883901117,-1.9026836410529562,0.4242640687119285,0,1085.0360107421875
47601.0,9.0,2,58,4,37.15723298247525,-1.9586182155138636,0.382842712474619,0,1085.0360107421875
47601.0,9.0,2,59,4,28.20423732726004,-1.8209043877749935,0.4242640687119285,0,1085.0360107421875
47601.0,9.0,2,60,1,20.255815054222587,-1.5663395750326945,0.482842712474619,0,1085.0360107421875
47601.0,9.0,2,61,1,17.108698479431492,-1.3572491853270572,0.37888543819998316,0,1085.0360107421875
47601.0,9.0,2,62,4,35.09895499801879,-1.7710203790998724,0.4242640687119285,0,1085.0360107421875
47601.0,9.0,2,63,2,27.326830812434324,-1.5674927968170862,0.4242640687119285,0,1085.0360107421875
47601.0,9.0,2,64,5,42.052280326915536,-1.737571080781708,0.3414213562373095,0,1085.0360107421875
47601.0,9.0,2,65,4,34.39786797160472,-1.568171892504591,0.382842712474619,0,1085.0360107421875
47601.0,9.0,2,66,2,28.2494665664754,-1.3144958260937183,0.3414213562373095,0,1085.0360107421875
47601.0,9.0,3,1,5,33.07351699944582,2.1216511490837098,0.613407053921902,0,1085.302978515625
47601.0,9.0,3,2,2,28.793560198358065,2.262765255183783,0.682842712474619,0,1085.302978515625
47601.0,9.0,3,3,4,29.680492898169145,2.0942426205747693,0.8513997106635237,0,1085.302978515625
47601.0,9.0,3,4,5,31.349548776020182,1.939575636432087,0.682842712474619,0,1085.302978515625
47601.0,9.0,3,5,2,26.676965308080657,2.160539315185763,0.848528137423857,0,1085.302978515625
47601.0,9.0,3,6,4,28.080652197382065,1.9849775778429017,0.848528137423857,0,1085.302978515625
47601.0,9.0,3,7,1,23.68196597775508,2.390562869274645,0.613407053921902,0,1085.302978515625
47601.0,9.0,3,8,1,23.819934874361195,2.2431809096259183,0.8513997106635237,0,1085.302978515625
47601.0,9.0,3,9,4,24.88477139136721,2.0421859732977348,0.848528137423857,0,1085.302978515625
47601.0,9.0,3,10,4,26.853573262834264,1.8641564477805836,0.8513997106635237,0,1085.302978515625
47601.0,9.0,3,11,5,28.673475231120253,1.7563640344804294,0.613407053921902,0,1085.302978515625
47601.0,9.0,3,12,2,21.794051173907015,2.1159230129187496,0.848528137423857,0,1085.302978515625
47601.0,9.0,3,13,2,23.491343434394658,1.9076913803458622,0.848528137423857,0,1085.302978515625
47601.0,9.0,3,14,1,18.860262085696146,2.213279362219175,0.682842712474619,0,1085.302978515625
47601.0,9.0,3,15,1,20.188413402814664,1.9656133661142379,0.8513997106635237,0,1085.302978515625
47601.0,9.0,3,16,2,22.570657622336707,1.7593101457077065,0.682842712474619,0,1085.302978515625
47601.0,9.0,3,17,1,17.00429850621848,1.8871679751813373,0.613407053921902,0,1085.302978515625
47601.0,9.0,3,18,5,44.644327556172186,2.879575767206212,0.37888543819998316,0,1085.302978515625
47601.0,9.0,3,19,5,46.6659519553768,3.1210713570882334,0.3414213562373095,0,1085.302978515625
47601.0,9.0,3,20,4,40.391040732631964,2.9414868810168486,0.482842712474619,0,1085.302978515625
47601.0,9.0,3,21,2,35.84914602928127,2.7068228885637082,0.3414213562373095,0,1085.302978515625
47601.0,9.0,3,22,4,39.596638875107494,3.1174069229629797,0.4242640687119285,0,1085.302978515625
47601.0,9.0,3,23,2,33.49057941823749,2.899506363038004,0.4242640687119285,0,1085.302978515625
47601.0,9.0,3,24,5,44.18697657867546,3.36173446346889,0.37888543819998316,0,1085.302978515625
47601.0,9.0,3,25,4,40.05435617939968,3.294821339250307,0.482842712474619,0,1085.302978515625
47601.0,9.0,3,26,4,32.528088608306085,3.112149783083897,0.4242640687119285,0,1085.302978515625
47601.0,9.0,3,27,1,26.67961109299404,2.8359266729653325,0.482842712474619,0,1085.302978515625
47601.0,9.0,3,28,1,24.772246524189324,2.655900879831791,0.4538461538461539,0,1085.302978515625
47601.0,9.0,3,29,2,33.08374506083541,3.3274490055669617,0.4242640687119285,0,1085.302978515625
47601.0,9.0,3,30,2,25.460936487371203,3.1039738689846224,0.4242640687119285,0,1085.302978515625
47601.0,9.0,3,31,2,35.08549309887052,3.5268348816966255,0.3414213562373095,0,1085.302978515625
47601.0,9.0,3,32,1,26.167096238491762,3.377404565009797,0.482842712474619,0,1085.302978515625
47601.0,9.0,3,33,1,18.396793881491643,3.089517373977436,0.3414213562373095,0,1085.302978515625
47601.0,9.0,3,34,1,23.938193626020084,3.5564729957151022,0.4308640753373011,0,1085.302978515625
47601.0,9.0,3,35,1,7.65479715881008,1.997636639116073,0.6034068236642477,0,1085.302978515625
47601.0,9.0,3,37,1,4.546432833350129,1.7240840457617477,0.7685569981889047,0,1085.302978515625
47601.0,9.0,3,38,2,8.516607381461435,1.230650831293495,0.682842712474619,0,1085.302978515625
47601.0,9.0,3,40,2,5.316147163146744,1.006909897641838,0.848528137423857,0,1085.302978515625
47601.0,9.0,3,41,1,5.9643864228807395,-2.130966131069364,0.6034068236642477,0,1085.302978515625
47601.0,9.0,3,42,1,2.6697734452016015,-1.8338354161438786,0.7685569981889047,0,1085.302978515625
47601.0,9.0,3,44,4,7.800819816679671,0.6138038443044859,0.8513997106635237,0,1085.302978515625
47601.0,9.0,3,45,5,11.265281827791162,0.6668800703075153,0.613407053921902,0,1085.302978515625
47601.0,9.0,3,46,2,3.8365426363814494,-0.7368312282650485,0.848528137423857,0,1085.302978515625
47601.0,9.0,3,47,4,6.44838035343543,0.14905231005531494,0.848528137423857,0,1085.302978515625
47601.0,9.0,3,48,2,6.741504192021429,-1.135729243560545,0.682842712474619,0,1085.302978515625
47601.0,9.0,3,49,4,6.8782576683955226,-0.38417663194605656,0.8513997106635237,1,1085.302978515625
47601.0,9.0,3,50,5,9.95856306575608,0.09630643821121487,0.682842712474619,0,1085.302978515625
47601.0,9.0,3,51,5,10.192377569462339,-0.5186919797585988,0.613407053921902,0,1085.302978515625
47601.0,9.0,3,52,1,27.558932359896822,3.793499021413538,0.4308640753373011,0,1085.302978515625
47601.0,9.0,3,53,2,37.33751252796721,-2.3205116015237572,0.3414213562373095,0,1085.302978515625
47601.0,9.0,3,54,1,27.346205245695554,-2.3074655154147536,0.482842712474619,0,1085.302978515625
47601.0,9.0,3,55,1,17.364908318309823,-2.2794113226395294,0.3414213562373095,0,1085.302978515625
47601.0,9.0,3,56,2,32.92829452128134,-2.162691754931095,0.4242640687119285,0,1085.302978515625
47601.0,9.0,3,57,2,23.194776990603838,-2.0796910988580772,0.4242640687119285,0,1085.302978515625
47601.0,9.0,3,58,4,38.99654111354988,-2.061350493504054,0.382842712474619,0,1085.302978515625
47601.0,9.0,3,59,4,29.57119068256104,-1.962923584751434,0.4242640687119285,0,1085.302978515625
47601.0,9.0,3,60,1,20.6925208214945,-1.77665510805112,0.482842712474619,0,1085.302978515625
47601.0,9.0,3,61,1,16.734484387927306,-1.6122903186011923,0.37888543819998316,0,1085.302978515625
47601.0,9.0,3,62,4,36.206531967656396,-1.8882199101148647,0.4242640687119285,0,1085.302978515625
47601.0,9.0,3,63,2,27.65208955374843,-1.724360954530065,0.4242640687119285,0,1085.302978515625
47601.0,9.0,3,64,5,42.981049264361424,-1.8368485832679986,0.3414213562373095,0,1085.302978515625
47601.0,9.0,3,65,4,34.65682754420927,-1.6931468918441746,0.382842712474619,0,1085.302978515625
47601.0,9.0,3,66,2,27.474002165550274,-1.4671913036524047,0.3414213562373095,0,1085.302978515625
47601.0,9.0,4,1,5,35.51561634563672,2.5547564164780887,0.613407053921902,0,1085.68603515625
47601.0,9.0,4,2,2,31.573561656758212,2.694011629444671,0.682842712474619,0,1085.68603515625
47601.0,9.0,4,3,4,32.06458084475952,2.537468272993557,0.8513997106635237,0,1085.68603515625
47601.0,9.0,4,4,5,33.30743000904042,2.389136013716615,0.682842712474619,0,1085.68603515625
47601.0,9.0,4,5,2,29.2348536932243,2.6067110589363995,0.848528137423857,0,1085.68603515625
47601.0,9.0,4,6,4,30.181521159829526,2.4412417352128317,0.848528137423857,0,1085.68603515625
47601.0,9.0,4,7,1,26.72251320213795,2.8216052546394472,0.613407053921902,0,1085.68603515625
47601.0,9.0,4,8,1,26.574724762043008,2.690288669770333,0.8513997106635237,0,1085.68603515625
47601.0,9.0,4,9,4,27.156280033085324,2.505164496401452,0.848528137423857,0,1085.68603515625
47601.0,9.0,4,10,4,28.613128006080625,2.3333651174164283,0.8513997106635237,0,1085.68603515625
47601.0,9.0,4,11,5,30.088774960643715,2.225148259311027,0.613407053921902,0,1085.68603515625
47601.0,9.0,4,12,2,24.269381346656942,2.584688821698188,0.848528137423857,0,1085.68603515625
47601.0,9.0,4,13,2,25.40177985902694,2.38822921660942,0.848528137423857,0,1085.68603515625
47601.0,9.0,4,14,1,21.576426874336057,2.684840714581221,0.682842712474619,0,1085.68603515625
47601.0,9.0,4,15,1,22.28878071408524,2.4586837162975153,0.8513997106635237,0,1085.68603515625
47601.0,9.0,4,16,2,24.04240617695294,2.2560653394115815,0.682842712474619,0,1085.68603515625
47601.0,9.0,4,17,1,18.92268707293546,2.411989793916029,0.613407053921902,0,1085.68603515625
47601.0,9.0,4,18,5,48.18713157511681,3.2441620681084977,0.37888543819998316,0,1085.68603515625
47601.0,9.0,4,19,5,50.18795425008709,3.4683080841975844,0.3414213562373095,0,1085.68603515625
47601.0,9.0,4,20,4,43.946852559914326,3.301745849791449,0.482842712474619,0,1085.68603515625
47601.0,9.0,4,21,2,39.291486966477386,3.088358588468383,0.3414213562373095,0,1085.68603515625
47601.0,9.0,4,22,4,43.12081285587125,3.4632433962002898,0.4242640687119285,0,1085.68603515625
47601.0,9.0,4,23,2,37.03916305027808,3.264286313780465,0.4242640687119285,0,1085.68603515625
47601.0,9.0,4,24,5,47.49984845999287,3.6910372435784407,0.37888543819998316,0,1085.68603515625
47601.0,9.0,4,25,4,43.44517410230156,3.6266224914187353,0.482842712474619,0,1085.68603515625
47601.0,9.0,4,26,4,36.05521114753466,3.4561934486252577,0.4242640687119285,0,1085.68603515625
47601.0,9.0,4,27,1,30.207173800395847,3.209774125727053,0.482842712474619,0,1085.68603515625
47601.0,9.0,4,28,1,28.173052693386424,3.0530433701058377,0.4538461538461539,0,1085.68603515625
47601.0,9.0,4,29,2,36.442515038365975,3.651282682802642,0.4242640687119285,0,1085.68603515625
47601.0,9.0,4,30,2,28.99227484064581,3.4457078098048664,0.4242640687119285,0,1085.68603515625
47601.0,9.0,4,31,2,38.15934425209313,3.835487464846178,0.3414213562373095,0,1085.68603515625
47601.0,9.0,4,32,1,29.472540641481295,3.687638345508634,0.482842712474619,0,1085.68603515625
47601.0,9.0,4,33,1,21.934578864837597,3.4284713852320126,0.3414213562373095,0,1085.68603515625
47601.0,9.0,4,34,1,26.980675535445663,3.8415118189777537,0.4308640753373011,0,1085.68603515625
47601.0,9.0,4,35,1,10.08674664000237,2.6518223322216308,0.6034068236642477,0,1085.68603515625
47601.0,9.0,4,37,1,6.597029492071396,2.6189556115933197,0.7685569981889047,0,1085.68603515625
47601.0,9.0,4,38,2,8.64686921239512,2.005562730784203,0.682842712474619,0,1085.68603515625
47601.0,9.0,4,40,2,5.1291005927333835,2.0587225439993286,0.848528137423857,0,1085.68603515625
47601.0,9.0,4,41,1,8.029705175632394,4.088137507912669,0.6034068236642477,0,1085.68603515625
47601.0,9.0,4,42,1,4.647520795809572,3.940601484301193,0.7685569981889047,0,1085.68603515625
47601.0,9.0,4,44,4,5.839053661467422,1.4147672128030386,0.8513997106635237,0,1085.68603515625
47601.0,9.0,4,45,5,9.258392517138216,1.3131160247640958,0.613407053921902,0,1085.68603515625
47601.0,9.0,4,46,2,2.094355346783492,-1.5370775673179822,0.765685424949238,0,1085.68603515625
47601.0,9.0,4,47,4,3.2609620322241466,0.8529588470912997,0.765685424949238,0,1085.68603515625
47601.0,9.0,4,48,2,5.5610835304562665,-1.3333367800366955,0.6466890965784271,0,1085.68603515625
47601.0,9.0,4,50,5,6.589442172652068,0.595066992392139,0.6466890965784271,1,1085.68603515625
47601.0,9.0,4,51,5,6.960714002843344,-0.33791707727423503,0.4815389220537701,0,1085.68603515625
47601.0,9.0,4,52,1,30.100423647803012,4.064645009482778,0.4308640753373011,0,1085.68603515625
47601.0,9.0,4,53,2,39.40642848760129,4.244811305376956,0.3414213562373095,0,1085.68603515625
47601.0,9.0,4,54,1,29.417030853953435,4.231289906963797,0.482842712474619,0,1085.68603515625
47601.0,9.0,4,55,1,19.438539100880547,4.203876297213911,0.3414213562373095,0,1085.68603515625
47601.0,9.0,4,56,2,34.54620609691708,-1.8990613905497835,0.4242640687119285,0,1085.68603515625
47601.0,9.0,4,57,2,24.615756210295157,-1.8586847480552102,0.4242640687119285,0,1085.68603515625
47601.0,9.0,4,58,4,40.26808919130499,-1.7876152180604061,0.382842712474619,0,1085.68603515625
47601.0,9.0,4,59,4,30.5616443476608,-1.7190403112240393,0.4242640687119285,0,1085.68603515625
47601.0,9.0,4,60,1,21.13076438151069,-1.5880881817899983,0.482842712474619,0,1085.68603515625
47601.0,9.0,4,61,1,16.666035893514923,-1.4680752489351192,0.37888543819998316,0,1085.68603515625
47601.0,9.0,4,62,4,36.9065408384629,-1.6260694431257228,0.4242640687119285,0,1085.68603515625
47601.0,9.0,4,63,2,27.831418482986876,-1.494919604763622,0.4242640687119285,0,1085.68603515625
47601.0,9.0,4,64,5,43.476101574190764,-1.5607630144227345,0.3414213562373095,0,1085.68603515625
47601.0,9.0,4,65,4,34.67948249618737,-1.4382021880102547,0.382842712474619,0,1085.68603515625
47601.0,9.0,4,66,2,26.742505572914816,-1.2381174349050597,0.3414213562373095,0,1085.68603515625
47601.0,9.0,5,1,5,39.50524113284705,-0.8019245384744165,0.613407053921902,0,1086.4859619140625
47601.0,9.0,5,2,2,35.63163426737881,-0.6761308019761343,0.682842712474619,0,1086.4859619140625
47601.0,9.0,5,3,4,36.04180405798671,-0.8152968015206881,0.8513997106635237,0,1086.4859619140625
47601.0,9.0,5,4,5,37.12694330192523,-0.9488235407629806,0.682842712474619,0,1086.4859619140625
47601.0,9.0,5,5,2,33.259102545800495,-0.7522939280299066,0.848528137423857,0,1086.4859619140625
47601.0,9.0,5,6,4,34.067083546176015,-0.8990145254014534,0.848528137423857,0,1086.4859619140625
47601.0,9.0,5,7,1,30.781412721264026,-0.5642060104335487,0.613407053921902,0,1086.4859619140625
47601.0,9.0,5,8,1,30.6320773789477,-0.6781456435314832,0.8513997106635237,0,1086.4859619140625
47601.0,9.0,5,9,4,31.108237554382644,-0.8395582007421087,0.848528137423857,0,1086.4859619140625
47601.0,9.0,5,10,4,32.359244783059545,-0.9922858211539953,0.8513997106635237,0,1086.4859619140625
47601.0,9.0,5,11,5,33.651887292736056,-1.0908901333230907,0.613407053921902,0,1086.4859619140625
47601.0,9.0,5,12,2,28.282126973367276,-0.767921337709969,0.848528137423857,0,1086.4859619140625
47601.0,9.0,5,13,2,29.228017129592153,-0.938895146492001,0.848528137423857,0,1086.4859619140625
47601.0,9.0,5,14,1,25.63269335312688,-0.6809464472435913,0.682842712474619,0,1086.4859619140625
47601.0,9.0,5,15,1,26.1998711394827,-0.8729362727979579,0.8513997106635237,0,1086.4859619140625
47601.0,9.0,5,16,2,27.67366124884024,-1.0506094575913152,0.682842712474619,0,1086.4859619140625
47601.0,9.0,5,17,1,22.787733773138026,-0.9048315625255112,0.613407053921902,0,1086.4859619140625
47601.0,9.0,5,18,5,51.818918906541604,-0.17000247586924422,0.37888543819998316,0,1086.4859619140625
47601.0,9.0,5,19,5,53.3396156927307,0.04107287484161182,0.3414213562373095,0,1086.4859619140625
47601.0,9.0,5,20,4,47.47537425474738,-0.12006516151109947,0.482842712474619,0,1086.4859619140625
47601.0,9.0,5,21,2,43.15909775480087,-0.31967519922594745,0.3414213562373095,0,1086.4859619140625
47601.0,9.0,5,22,4,46.29496393155375,0.02878444563230076,0.4242640687119285,0,1086.4859619140625
47601.0,9.0,5,23,2,40.6450518981584,-0.16171386770614182,0.4242640687119285,0,1086.4859619140625
47601.0,9.0,5,24,5,50.03136946985693,0.24817684688908503,0.37888543819998316,0,1086.4859619140625
47601.0,9.0,5,25,4,46.17939161811679,0.1818438500489643,0.482842712474619,0,1086.4859619140625
47601.0,9.0,5,26,4,39.25981111263173,0.012088643271517263,0.4242640687119285,0,1086.4859619140625
47601.0,9.0,5,27,1,33.91355668430619,-0.2200338289038566,0.482842712474619,0,1086.4859619140625
47601.0,9.0,5,28,1,32.08625260403141,-0.36123995902117567,0.4538461538461539,0,1086.4859619140625
47601.0,9.0,5,29,2,39.12346218568921,0.1927237279570999,0.4242640687119285,0,1086.4859619140625
47601.0,9.0,5,30,2,32.240376110944815,-0.011886564293840607,0.4242640687119285,0,1086.4859619140625
47601.0,9.0,5,31,2,40.24869958384477,0.3688736207933516,0.3414213562373095,0,1086.4859619140625
47601.0,9.0,5,32,1,32.07420110572847,0.20838855394006606,0.482842712474619,0,1086.4859619140625
47601.0,9.0,5,33,1,25.249770988087004,-0.04916967577907183,0.3414213562373095,0,1086.4859619140625
47601.0,9.0,5,34,1,29.11125522124233,0.3402885070656585,0.4308640753373011,0,1086.4859619140625
47601.0,9.0,5,35,1,14.135763782063743,-0.6949063122485493,0.6034068236642477,0,1086.4859619140625
47601.0,9.0,5,37,1,10.638015815565515,-0.7051434491881865,0.7685569981889047,0,1086.4859619140625
47601.0,9.0,5,38,2,11.940086251040464,-1.1368257641129609,0.682842712474619,0,1086.4859619140625
47601.0,9.0,5,40,2,8.644184292346596,-1.0108026971943493,0.848528137423857,0,1086.4859619140625
47601.0,9.0,5,41,1,9.831129632687682,0.2973836547620796,0.6034068236642477,0,1086.4859619140625
47601.0,9.0,5,42,1,7.244301573495838,0.017102237778762408,0.7685569981889047,0,1086.4859619140625
47601.0,9.0,5,44,4,7.827928440390933,-1.4321031797057069,0.8513997106635237,0,1086.4859619140625
47601.0,9.0,5,45,5,10.564339028113668,-1.672650365813951,0.6034068236642477,1,1086.4859619140625
47601.0,9.0,5,46,2,3.7462577161193615,-0.08150868895242969,0.765685424949238,0,1086.4859619140625
47601.0,9.0,5,47,4,4.293335074932695,-1.41803670967082,0.682842712474619,0,1086.4859619140625
47601.0,9.0,5,48,2,4.603336754284871,0.7699584007925253,0.6466890965784271,0,1086.4859619140625
47601.0,9.0,5,51,5,2.9045741948400003,-3.653368690762855,0.47153869179611585,0,1086.4859619140625
47601.0,9.0,5,52,1,31.413018087280967,0.5618356665705662,0.4308640753373011,0,1086.4859619140625
47601.0,9.0,5,53,2,39.958627991427704,0.7656707862517833,0.3414213562373095,0,1086.4859619140625
47601.0,9.0,5,54,1,30.091336117517894,0.7188399663647833,0.482842712474619,0,1086.4859619140625
47601.0,9.0,5,55,1,20.35399390089237,0.6268061986745765,0.3414213562373095,0,1086.4859619140625
47601.0,9.0,5,56,2,34.56589408843592,0.8888137803160592,0.4242640687119285,0,1086.4859619140625
47601.0,9.0,5,57,2,24.568223226621335,0.8814078852175293,0.4242640687119285,0,1086.4859619140625
47601.0,9.0,5,58,4,39.80092409641391,-5.266130155341948,0.382842712474619,0,1086.4859619140625
47601.0,9.0,5,59,4,29.88160165233163,-5.229368963097305,0.4242640687119285,0,1086.4859619140625
47601.0,9.0,5,60,1,20.042621477460358,-5.156319552666501,0.482842712474619,0,1086.4859619140625
47601.0,9.0,5,61,1,15.202136523489674,-5.084528095215454,0.37888543819998316,0,1086.4859619140625
47601.0,9.0,5,62,4,35.80813653492961,-5.111389916725395,0.4242640687119285,0,1086.4859619140625
47601.0,9.0,5,63,2,26.287244064075782,-5.011669771350527,0.4242640687119285,0,1086.4859619140625
47601.0,9.0,5,64,5,42.08960877579754,-5.027727065992668,0.3414213562373095,0,1086.4859619140625
47601.0,9.0,5,65,4,32.868400102223106,-4.923658355973833,0.382842712474619,0,1086.4859619140625
47601.0,9.0,5,66,2,24.2719649731938,-4.7425313665994935,0.3414213562373095,0,1086.4859619140625
