subject,level,obj_ID,point_value,x,y,new_x,new_y,time
49061,1,68,2,-15,-6.5,-15,-6.5,40.71670150756836
49061,1,66,2,-15,-10,-15,-10,40.93870162963867
49061,1,64,2,-17.5,-12.5,-17.5,-12.5,41.21630096435547
49061,1,67,2,-20,-10,-20,-10,41.23939895629883
49061,1,61,2,-20,-15,-20,-15,41.51639938354492
49061,1,62,2,-23.5,-15,-23.5,-15,41.66130065917969
49061,1,55,2,-20,-20,-20,-20,42.29460144042969
49061,1,53,2,-15,-20,-15,-20,42.73889923095703
49061,1,52,2,-15,-23.5,-15,-23.5,43.19430160522461
49061,1,57,2,-17.5,-17.5,-17.5,-17.5,44.16109848022461
49061,1,60,2,-15,-15,-15,-15,44.41680145263672
49061,1,59,2,-10,-15,-10,-15,44.77220153808594
49061,1,54,2,-10,-20,-10,-20,45.06100082397461
49061,1,58,2,-6.5,-15,-6.5,-15,45.66109848022461
49061,1,65,2,-10,-10,-10,-10,46.172401428222656
49061,1,68,2,-15,-6.5,-15,-6.5,46.67219924926758
49061,1,66,2,-15,-10,-15,-10,46.91659927368164
49061,1,63,2,-12.5,-12.5,-12.5,-12.5,47.21649932861328
49061,1,24,2,6.5,-15,6.5,-15,48.894901275634766
49061,1,25,2,10,-15,10,-15,49.39469909667969
49061,1,29,2,12.5,-12.5,12.5,-12.5,49.69419860839844
49061,1,31,2,10,-10,10,-10,50.13869857788086
49061,1,34,2,15,-6.5,15,-6.5,50.372100830078125
49061,1,33,2,20,-10,20,-10,51.13890075683594
49061,1,27,2,20,-15,20,-15,51.59439849853515
49061,1,23,2,17.5,-17.5,17.5,-17.5,51.872501373291016
49061,1,26,2,15,-15,15,-15,52.01620101928711
49061,1,22,2,12.5,-17.5,12.5,-17.5,52.238399505615234
49061,1,20,2,10,-20,10,-20,52.51750183105469
49061,1,56,2,-12.5,-17.5,-12.5,-17.5,54.63890075683594
49061,1,60,2,-15,-15,-15,-15,54.938201904296875
49061,1,64,2,-17.5,-12.5,-17.5,-12.5,55.216800689697266
49061,1,66,2,-15,-10,-15,-10,55.46099853515625
49061,1,65,2,-10,-10,-10,-10,55.81650161743164
49061,1,51,2,-15,6.5,-15,6.5,57.23860168457031
49061,1,49,2,-15,10,-15,10,57.571998596191406
49061,1,43,2,-15,15,-15,15,58.06209945678711
49061,1,36,2,-15,20,-15,20,58.4724006652832
49061,1,35,2,-15,23.5,-15,23.5,58.760799407958984
49061,1,37,2,-10,20,-10,20,59.17219924926758
49061,1,7,2,6.5,15,6.5,15,60.6609992980957
49061,1,8,2,10,15,10,15,60.99430084228515
49061,1,5,2,12.5,17.5,12.5,17.5,61.21659851074219
49061,1,9,2,15,15,15,15,61.416500091552734
49061,1,13,2,17.5,12.5,17.5,12.5,61.71689987182617
49061,1,16,2,20,10,20,10,62.0166015625
49061,1,17,2,15,6.5,15,6.5,62.36119842529297
49061,1,34,2,15,-6.5,15,-6.5,63.59469985961914
49061,1,32,2,15,-10,15,-10,63.9724006652832
49061,1,30,2,17.5,-12.5,17.5,-12.5,64.27179718017578
49061,1,33,2,20,-10,20,-10,64.49479675292969
49061,1,28,2,23.5,-15,23.5,-15,65.36060333251953
49061,1,21,2,20,-20,20,-20,65.91649627685547
49061,1,18,2,15,-23.5,15,-23.5,66.37249755859375
49061,1,19,2,15,-20,15,-20,66.838897705078125
49061,1,22,2,12.5,-17.5,12.5,-17.5,66.9166030883789
49061,1,23,2,17.5,-17.5,17.5,-17.5,67.13880157470703
49061,1,27,2,20,-15,20,-15,67.3949966430664
49061,1,29,2,12.5,-12.5,12.5,-12.5,68.01609802246094
49061,1,26,2,15,-15,15,-15,68.03900146484375
49061,1,25,2,10,-15,10,-15,68.261199951171875
49061,1,54,2,-10,-20,-10,-20,70.16069793701172
49061,1,53,2,-15,-20,-15,-20,70.57240295410156
49061,1,52,2,-15,-23.5,-15,-23.5,70.7385025024414
49061,1,55,2,-20,-20,-20,-20,71.51629638671875
49061,1,57,2,-17.5,-17.5,-17.5,-17.5,71.73909759521484
49061,1,56,2,-12.5,-17.5,-12.5,-17.5,72.03849792480469
49061,1,59,2,-10,-15,-10,-15,72.29419708251953
49061,1,65,2,-10,-10,-10,-10,72.794097900390625
49061,1,66,2,-15,-10,-15,-10,73.23819732666016
49061,1,64,2,-17.5,-12.5,-17.5,-12.5,73.57209777832031
49061,1,61,2,-20,-15,-20,-15,73.87190246582031
49061,1,62,2,-23.5,-15,-23.5,-15,74.0719985961914
49061,1,67,2,-20,-10,-20,-10,74.8604965209961
49061,1,68,2,-15,-6.5,-15,-6.5,75.41619873046875
49061,1,58,2,-6.5,-15,-6.5,-15,76.41619873046875
49061,1,54,2,-10,-20,-10,-20,76.83899688720703
49061,1,52,2,-15,-23.5,-15,-23.5,77.31670379638672
49061,1,55,2,-20,-20,-20,-20,78.03849792480469
49061,1,57,2,-17.5,-17.5,-17.5,-17.5,78.27210235595703
49061,1,60,2,-15,-15,-15,-15,78.57230377197266
49061,1,63,2,-12.5,-12.5,-12.5,-12.5,78.86100006103516
49061,1,65,2,-10,-10,-10,-10,79.1613998413086
49061,1,59,2,-10,-15,-10,-15,79.694000244140625
49061,1,56,2,-12.5,-17.5,-12.5,-17.5,79.99440002441406
49061,1,53,2,-15,-20,-15,-20,80.29399871826172
49061,1,61,2,-20,-15,-20,-15,81.26100158691406
49061,1,64,2,-17.5,-12.5,-17.5,-12.5,81.57240295410156
49061,1,66,2,-15,-10,-15,-10,81.872100830078125
49061,1,68,2,-15,-6.5,-15,-6.5,82.43890380859375
49061,1,67,2,-20,-10,-20,-10,82.9614028930664
49061,1,62,2,-23.5,-15,-23.5,-15,83.47200012207031
49061,1,55,2,-20,-20,-20,-20,83.97200012207031
49061,1,60,2,-15,-15,-15,-15,84.73799896240234
49061,1,63,2,-12.5,-12.5,-12.5,-12.5,84.972198486328125
49061,1,65,2,-10,-10,-10,-10,85.294403076171875
49061,1,59,2,-10,-15,-10,-15,85.83879852294922
49061,1,56,2,-12.5,-17.5,-12.5,-17.5,86.13860321044922
49061,1,53,2,-15,-20,-15,-20,86.438201904296875
49061,1,52,2,-15,-23.5,-15,-23.5,86.8386001586914
49061,1,54,2,-10,-20,-10,-20,87.37229919433594
49061,1,58,2,-6.5,-15,-6.5,-15,87.93840026855469
49061,1,66,2,-15,-10,-15,-10,88.6946029663086
49061,1,68,2,-15,-6.5,-15,-6.5,88.87169647216797
49061,1,67,2,-20,-10,-20,-10,89.56109619140625
49061,1,64,2,-17.5,-12.5,-17.5,-12.5,89.81610107421875
49061,1,61,2,-20,-15,-20,-15,90.23860168457033
49061,1,57,2,-17.5,-17.5,-17.5,-17.5,90.27159881591795
49061,1,56,2,-12.5,-17.5,-12.5,-17.5,91.16089630126952
49061,1,63,2,-12.5,-12.5,-12.5,-12.5,91.2947006225586
49061,1,65,2,-10,-10,-10,-10,91.5386962890625
49061,1,59,2,-10,-15,-10,-15,92.1604995727539
49061,1,60,2,-15,-15,-15,-15,92.77220153808594
49061,1,62,2,-23.5,-15,-23.5,-15,93.47229766845705
49061,1,55,2,-20,-20,-20,-20,93.99400329589844
49061,1,53,2,-15,-20,-15,-20,94.43920135498048
49061,1,52,2,-15,-23.5,-15,-23.5,94.61620330810548
49061,1,54,2,-10,-20,-10,-20,95.63780212402344
49061,1,58,2,-6.5,-15,-6.5,-15,96.115997314453125
49061,1,65,2,-10,-10,-10,-10,96.57209777832033
49061,1,68,2,-15,-6.5,-15,-6.5,97.06060028076172
49061,1,66,2,-15,-10,-15,-10,97.09380340576172
49061,1,64,2,-17.5,-12.5,-17.5,-12.5,97.3718032836914
49061,1,61,2,-20,-15,-20,-15,97.67220306396484
49061,1,57,2,-17.5,-17.5,-17.5,-17.5,98.13849639892578
49061,1,60,2,-15,-15,-15,-15,98.49520111083984
49061,1,63,2,-12.5,-12.5,-12.5,-12.5,98.77179718017578
49061,1,59,2,-10,-15,-10,-15,99.09410095214844
49061,1,56,2,-12.5,-17.5,-12.5,-17.5,99.29429626464844
49061,1,53,2,-15,-20,-15,-20,99.59400177001952
49061,1,52,2,-15,-23.5,-15,-23.5,101.73870086669922
49061,1,55,2,-20,-20,-20,-20,102.57170104980467
49061,1,62,2,-23.5,-15,-23.5,-15,103.06069946289064
49061,1,61,2,-20,-15,-20,-15,103.11640167236328
49061,1,64,2,-17.5,-12.5,-17.5,-12.5,103.3938980102539
49061,1,66,2,-15,-10,-15,-10,103.69429779052734
49061,1,68,2,-15,-6.5,-15,-6.5,103.99479675292967
49061,1,65,2,-10,-10,-10,-10,104.4384994506836
49061,1,63,2,-12.5,-12.5,-12.5,-12.5,104.6719970703125
49061,1,60,2,-15,-15,-15,-15,104.96070098876952
49061,1,57,2,-17.5,-17.5,-17.5,-17.5,105.260498046875
49061,1,53,2,-15,-20,-15,-20,105.49410247802734
49061,1,54,2,-10,-20,-10,-20,105.93830108642578
49061,1,56,2,-12.5,-17.5,-12.5,-17.5,105.99420166015624
49061,1,59,2,-10,-15,-10,-15,106.6720962524414
49061,1,58,2,-6.5,-15,-6.5,-15,106.8384017944336
49061,1,52,2,-15,-23.5,-15,-23.5,107.7938995361328
49061,1,55,2,-20,-20,-20,-20,108.56089782714844
49061,1,61,2,-20,-15,-20,-15,108.99410247802734
49061,1,62,2,-23.5,-15,-23.5,-15,109.1718978881836
49061,1,67,2,-20,-10,-20,-10,109.56060028076172
49061,1,68,2,-15,-6.5,-15,-6.5,110.07160186767578
49061,1,66,2,-15,-10,-15,-10,110.19400024414064
49061,1,63,2,-12.5,-12.5,-12.5,-12.5,110.4719009399414
49061,1,60,2,-15,-15,-15,-15,110.6948013305664
49061,1,65,2,-10,-10,-10,-10,111.26020050048828
49061,1,64,2,-17.5,-12.5,-17.5,-12.5,111.89420318603516
49061,1,56,2,-12.5,-17.5,-12.5,-17.5,112.39409637451172
49061,1,54,2,-10,-20,-10,-20,112.6937026977539
49061,1,59,2,-10,-15,-10,-15,112.93879699707033
49061,1,57,2,-17.5,-17.5,-17.5,-17.5,113.86060333251952
49061,1,53,2,-15,-20,-15,-20,114.09369659423828
49061,1,52,2,-15,-23.5,-15,-23.5,114.43840026855467
49061,1,55,2,-20,-20,-20,-20,115.11620330810548
49061,1,61,2,-20,-15,-20,-15,115.53820037841795
49061,1,62,2,-23.5,-15,-23.5,-15,115.66079711914064
49061,1,67,2,-20,-10,-20,-10,115.9936981201172
49061,1,66,2,-15,-10,-15,-10,116.47129821777344
49061,1,63,2,-12.5,-12.5,-12.5,-12.5,116.77169799804688
49061,1,58,2,-6.5,-15,-6.5,-15,117.41619873046876
49061,1,65,2,-10,-10,-10,-10,117.91609954833984
49061,1,68,2,-15,-6.5,-15,-6.5,118.63849639892578
49061,1,60,2,-15,-15,-15,-15,119.66069793701172
49061,1,57,2,-17.5,-17.5,-17.5,-17.5,119.91609954833984
49061,1,53,2,-15,-20,-15,-20,120.03849792480467
49061,1,52,2,-15,-23.5,-15,-23.5,120.4937973022461
49061,1,55,2,-20,-20,-20,-20,121.53820037841795
49061,1,62,2,-23.5,-15,-23.5,-15,122.01580047607422
49061,1,61,2,-20,-15,-20,-15,122.16069793701172
49061,1,64,2,-17.5,-12.5,-17.5,-12.5,122.43810272216795
49061,1,66,2,-15,-10,-15,-10,122.7385025024414
49061,1,63,2,-12.5,-12.5,-12.5,-12.5,123.11589813232422
49061,1,59,2,-10,-15,-10,-15,123.3936004638672
49061,1,56,2,-12.5,-17.5,-12.5,-17.5,123.57119750976564
49061,1,54,2,-10,-20,-10,-20,123.81580352783205
49061,1,58,2,-6.5,-15,-6.5,-15,124.06009674072266
49061,1,65,2,-10,-10,-10,-10,124.67120361328124
49061,1,68,2,-15,-6.5,-15,-6.5,125.2156982421875
49061,1,60,2,-15,-15,-15,-15,126.09369659423828
49061,1,53,2,-15,-20,-15,-20,126.49359893798828
49061,1,52,2,-15,-23.5,-15,-23.5,127.01580047607422
49061,1,57,2,-17.5,-17.5,-17.5,-17.5,127.97160339355467
49061,1,61,2,-20,-15,-20,-15,128.2718963623047
49061,1,62,2,-23.5,-15,-23.5,-15,128.4604034423828
49061,1,67,2,-20,-10,-20,-10,128.83799743652344
49061,1,66,2,-15,-10,-15,-10,129.26010131835938
49061,1,64,2,-17.5,-12.5,-17.5,-12.5,129.3383026123047
49061,1,56,2,-12.5,-17.5,-12.5,-17.5,129.8159942626953
49061,1,59,2,-10,-15,-10,-15,130.26010131835938
49061,1,58,2,-6.5,-15,-6.5,-15,130.3936004638672
49061,1,68,2,-15,-6.5,-15,-6.5,131.73829650878906
49061,1,63,2,-12.5,-12.5,-12.5,-12.5,132.39340209960938
49061,1,65,2,-10,-10,-10,-10,132.57200622558594
49061,1,60,2,-15,-15,-15,-15,133.77149963378906
49061,1,57,2,-17.5,-17.5,-17.5,-17.5,134.06080627441406
49061,1,61,2,-20,-15,-20,-15,134.29400634765625
49061,1,62,2,-23.5,-15,-23.5,-15,134.71560668945313
49061,1,55,2,-20,-20,-20,-20,135.36050415039065
49061,1,53,2,-15,-20,-15,-20,135.76040649414065
49061,1,52,2,-15,-23.5,-15,-23.5,135.97210693359375
49061,1,54,2,-10,-20,-10,-20,136.7384033203125
49061,1,56,2,-12.5,-17.5,-12.5,-17.5,136.99339294433594
49061,1,59,2,-10,-15,-10,-15,137.23800659179688
49061,1,58,2,-6.5,-15,-6.5,-15,137.53819274902344
49061,1,63,2,-12.5,-12.5,-12.5,-12.5,138.37179565429688
49061,1,66,2,-15,-10,-15,-10,138.66029357910156
49061,1,68,2,-15,-6.5,-15,-6.5,138.97149658203125
49061,1,65,2,-10,-10,-10,-10,139.53860473632813
49061,1,60,2,-15,-15,-15,-15,140.0384063720703
49061,1,57,2,-17.5,-17.5,-17.5,-17.5,140.33790588378906
49061,1,61,2,-20,-15,-20,-15,140.7718963623047
49061,1,62,2,-23.5,-15,-23.5,-15,140.83790588378906
49061,1,64,2,-20,-10,-17.5,-12.5,141.26019287109375
49061,1,67,2,-20,-10,-20,-10,141.27090454101565
49061,1,55,2,-20,-20,-20,-20,142.67149353027344
49061,1,53,2,-15,-20,-15,-20,142.91610717773438
49061,1,52,2,-15,-23.5,-15,-23.5,142.9940948486328
49061,1,54,2,-10,-20,-10,-20,143.38290405273438
49061,1,56,2,-12.5,-17.5,-12.5,-17.5,143.4936065673828
49061,1,59,2,-10,-15,-10,-15,143.71609497070313
49061,1,58,2,-6.5,-15,-6.5,-15,144.27169799804688
49061,1,25,2,10,-15,10,-15,145.8603973388672
49061,1,22,2,12.5,-17.5,12.5,-17.5,146.16009521484375
49061,1,20,2,10,-20,10,-20,146.37139892578125
49061,1,18,2,15,-23.5,15,-23.5,146.9156951904297
49061,1,21,2,20,-20,20,-20,147.4156036376953
49061,1,28,2,23.5,-15,23.5,-15,147.91549682617188
49061,1,27,2,20,-15,20,-15,147.96009826660156
49061,1,30,2,17.5,-12.5,17.5,-12.5,148.21560668945313
49061,1,32,2,15,-10,15,-10,148.5157012939453
49061,1,34,2,15,-6.5,15,-6.5,148.7716064453125
49061,1,33,2,20,-10,20,-10,149.43829345703125
49061,1,31,2,10,-10,10,-10,150.61770629882813
49061,1,68,2,-15,-6.5,-15,-6.5,152.81570434570313
49061,1,66,2,-15,-10,-15,-10,153.03799438476565
49061,1,64,2,-17.5,-12.5,-17.5,-12.5,153.3157958984375
49061,1,61,2,-20,-15,-20,-15,153.61509704589844
49061,1,62,2,-23.5,-15,-23.5,-15,153.7718048095703
49061,1,55,2,-20,-20,-20,-20,154.13819885253906
49061,1,57,2,-17.5,-17.5,-17.5,-17.5,154.23800659179688
49061,1,53,2,-15,-20,-15,-20,154.49349975585938
49061,1,52,2,-15,-23.5,-15,-23.5,154.6602020263672
49061,1,56,2,-12.5,-17.5,-12.5,-17.5,154.89419555664065
49061,1,60,2,-15,-15,-15,-15,155.11520385742188
49061,1,63,2,-12.5,-12.5,-12.5,-12.5,155.58189392089844
49061,1,65,2,-10,-10,-10,-10,155.83810424804688
49061,1,59,2,-10,-15,-10,-15,156.193603515625
49061,1,54,2,-10,-20,-10,-20,156.7718963623047
49061,1,66,2,-15,-10,-15,-10,158.06109619140625
49061,1,67,2,-20,-10,-20,-10,158.3603057861328
49061,1,61,2,-20,-15,-20,-15,158.89340209960938
49061,1,64,2,-17.5,-12.5,-17.5,-12.5,158.9156036376953
49061,1,24,2,6.5,-15,6.5,-15,161.25970458984375
49061,1,20,2,10,-20,10,-20,161.76010131835938
49061,1,22,2,12.5,-17.5,12.5,-17.5,161.96009826660156
49061,1,19,2,15,-20,15,-20,162.13760375976565
49061,1,23,2,17.5,-17.5,17.5,-17.5,162.33779907226565
49061,1,26,2,15,-15,15,-15,162.57139587402344
49061,1,29,2,12.5,-12.5,12.5,-12.5,162.83839416503906
49061,1,32,2,15,-10,15,-10,163.1383056640625
49061,1,34,2,15,-6.5,15,-6.5,163.2935028076172
49061,1,33,2,20,-10,20,-10,163.59359741210938
49061,1,28,2,23.5,-15,23.5,-15,164.07110595703125
49061,1,21,2,20,-20,20,-20,164.75990295410156
49061,1,18,2,15,-23.5,15,-23.5,165.2935028076172
49061,1,30,2,17.5,-12.5,17.5,-12.5,166.4156951904297
49061,1,27,2,20,-15,20,-15,166.7602996826172
49061,1,19,2,15,-20,15,-20,167.2938995361328
49061,1,23,2,17.5,-17.5,17.5,-17.5,167.3603973388672
49061,1,22,2,12.5,-17.5,12.5,-17.5,167.41619873046875
49061,1,25,2,10,-15,10,-15,167.65989685058594
49061,1,24,2,6.5,-15,6.5,-15,168.05960083007813
49061,1,58,2,-6.5,-15,-6.5,-15,169.31539916992188
49061,1,59,2,-10,-15,-10,-15,169.67100524902344
49061,1,63,2,-12.5,-12.5,-12.5,-12.5,170.07159423828125
49061,1,60,2,-15,-15,-15,-15,170.11549377441406
49061,1,64,2,-17.5,-12.5,-17.5,-12.5,170.360107421875
49061,1,61,2,-20,-15,-20,-15,170.57119750976565
49061,1,62,2,-23.5,-15,-23.5,-15,170.86000061035156
49061,1,55,2,-20,-20,-20,-20,171.3822021484375
49061,1,57,2,-17.5,-17.5,-17.5,-17.5,171.5377960205078
49061,1,53,2,-15,-20,-15,-20,171.71539306640625
49061,1,52,2,-15,-23.5,-15,-23.5,172.36000061035156
49061,1,56,2,-12.5,-17.5,-12.5,-17.5,173.39430236816406
49061,1,54,2,-10,-20,-10,-20,173.55999755859375
49061,1,60,2,-15,-15,-15,-15,175.1374969482422
49061,1,66,2,-15,-10,-15,-10,175.17080688476565
49061,1,68,2,-15,-6.5,-15,-6.5,175.48219299316406
49061,1,65,2,-10,-10,-10,-10,175.76060485839844
49061,1,63,2,-12.5,-12.5,-12.5,-12.5,176.11520385742188
49061,1,59,2,-10,-15,-10,-15,176.65989685058594
49061,1,53,2,-15,-20,-15,-20,176.85989379882813
49061,1,57,2,-17.5,-17.5,-17.5,-17.5,177.05990600585938
49061,1,61,2,-20,-15,-20,-15,177.3372039794922
49061,1,67,2,-20,-10,-20,-10,177.73829650878906
49061,1,58,2,-6.5,-15,-6.5,-15,178.99319458007813
49061,1,24,2,6.5,-15,6.5,-15,180.13720703125
49061,1,25,2,10,-15,10,-15,180.53709411621097
49061,1,22,2,12.5,-17.5,12.5,-17.5,180.71490478515625
49061,1,26,2,15,-15,15,-15,180.9149932861328
49061,1,23,2,17.5,-17.5,17.5,-17.5,181.11509704589844
49061,1,21,2,20,-20,20,-20,181.3816070556641
49061,1,18,2,15,-23.5,15,-23.5,181.89259338378903
49061,1,20,2,10,-20,10,-20,182.4149932861328
49061,1,30,2,17.5,-12.5,17.5,-12.5,183.09280395507813
49061,1,33,2,20,-10,20,-10,183.39309692382813
49061,1,32,2,15,-10,15,-10,183.5930023193359
49061,1,34,2,15,-6.5,15,-6.5,183.7371063232422
49061,1,31,2,10,-10,10,-10,184.0937957763672
49061,1,29,2,12.5,-12.5,12.5,-12.5,184.3708953857422
49061,1,27,2,20,-15,20,-15,185.08250427246097
49061,1,28,2,23.5,-15,23.5,-15,185.36019897460935
49061,1,19,2,15,-20,15,-20,186.014892578125
49061,1,22,2,12.5,-17.5,12.5,-17.5,186.23770141601565
49061,1,25,2,10,-15,10,-15,186.55960083007813
49061,1,24,2,6.5,-15,6.5,-15,186.8376007080078
49061,1,58,2,-6.5,-15,-6.5,-15,187.9929046630859
49061,1,59,2,-10,-15,-10,-15,188.29299926757813
49061,1,60,2,-15,-15,-15,-15,188.7154998779297
49061,1,61,2,-20,-15,-20,-15,189.11529541015625
49061,1,62,2,-23.5,-15,-23.5,-15,189.39300537109375
49061,1,55,2,-20,-20,-20,-20,189.6378936767578
49061,1,53,2,-15,-20,-15,-20,190.07069396972656
49061,1,52,2,-15,-23.5,-15,-23.5,190.63760375976565
49061,1,57,2,-17.5,-17.5,-17.5,-17.5,191.55999755859375
49061,1,56,2,-12.5,-17.5,-12.5,-17.5,191.9376983642578
49061,1,54,2,-10,-20,-10,-20,192.1593017578125
49061,1,64,2,-17.5,-12.5,-17.5,-12.5,193.19349670410156
49061,1,67,2,-20,-10,-20,-10,193.49310302734375
49061,1,68,2,-15,-6.5,-15,-6.5,194.03759765625
49061,1,66,2,-15,-10,-15,-10,194.65980529785156
49061,1,60,2,-15,-15,-15,-15,195.0709991455078
49061,1,59,2,-10,-15,-10,-15,195.53759765625
49061,1,65,2,-10,-10,-10,-10,196.19349670410156
49061,1,63,2,-12.5,-12.5,-12.5,-12.5,196.89300537109375
49061,1,56,2,-12.5,-17.5,-12.5,-17.5,197.29310607910156
49061,1,53,2,-15,-20,-15,-20,197.5597991943359
49061,2,24,5,6.5,-15,6.5,-15,1100.217041015625
49061,3,51,1,15,-6.5,15,-6.5,1281.6929931640625
49061,3,47,2,17.5,-12.5,17.5,-12.5,1282.137939453125
49061,3,49,1,15,-10,15,-10,1282.1600341796875
49061,3,44,4,20,-15,20,-15,1282.3819580078125
49061,3,40,4,17.5,-17.5,17.5,-17.5,1282.58203125
49061,3,38,5,20,-20,20,-20,1282.79296875
49061,3,36,4,15,-20,15,-20,1283.3929443359375
49061,3,45,5,23.5,-15,23.5,-15,1284.08203125
49061,3,50,2,20,-10,20,-10,1284.43798828125
49061,3,48,1,10,-10,10,-10,1286.29296875
49061,3,46,2,12.5,-12.5,12.5,-12.5,1286.571044921875
49061,3,43,4,15,-15,15,-15,1286.8380126953125
49061,3,39,2,12.5,-17.5,12.5,-17.5,1286.9930419921875
49061,3,37,2,10,-20,10,-20,1287.281982421875
49061,3,41,1,6.5,-15,6.5,-15,1287.6929931640625
49061,3,54,2,-10,-20,-10,-20,1289.1820068359375
49061,3,52,5,-15,-23.5,-15,-23.5,1289.6600341796875
49061,3,55,5,-20,-20,-20,-20,1290.137939453125
49061,3,62,5,-23.5,-15,-23.5,-15,1290.6820068359375
49061,3,61,4,-20,-15,-20,-15,1291.06005859375
49061,3,57,4,-17.5,-17.5,-17.5,-17.5,1291.3709716796875
49061,3,53,4,-15,-20,-15,-20,1291.6710205078125
49061,3,56,2,-12.5,-17.5,-12.5,-17.5,1292.06005859375
49061,3,60,4,-15,-15,-15,-15,1292.27099609375
49061,3,64,2,-17.5,-12.5,-17.5,-12.5,1292.614990234375
49061,3,67,2,-20,-10,-20,-10,1292.916015625
49061,3,68,1,-15,-6.5,-15,-6.5,1294.0589599609375
49061,3,66,1,-15,-10,-15,-10,1294.3819580078125
49061,3,63,2,-12.5,-12.5,-12.5,-12.5,1294.593017578125
49061,3,54,2,-10,-20,-10,-20,1295.31494140625
49061,3,61,4,-20,-15,-20,-15,1296.8709716796875
49061,3,62,5,-23.5,-15,-23.5,-15,1297.0150146484375
49061,3,55,5,-20,-20,-20,-20,1297.5369873046875
49061,3,52,5,-15,-23.5,-15,-23.5,1298.114990234375
49061,3,56,2,-12.5,-17.5,-12.5,-17.5,1299.43798828125
49061,3,60,4,-15,-15,-15,-15,1299.6929931640625
49061,3,57,4,-17.5,-17.5,-17.5,-17.5,1299.8599853515625
49061,3,64,2,-17.5,-12.5,-17.5,-12.5,1300.0369873046875
49061,3,67,2,-20,-10,-20,-10,1300.3370361328125
49061,3,28,5,-23.5,15,-23.5,15,1302.43701171875
49061,3,27,4,-20,15,-20,15,1302.4820556640625
49061,3,23,4,-17.5,17.5,-17.5,17.5,1302.79296875
49061,3,19,4,-15,20,-15,20,1303.08203125
49061,3,21,5,-20,20,-20,20,1303.2149658203125
49061,3,18,5,-15,23.5,-15,23.5,1304.3370361328125
49061,3,22,2,-12.5,17.5,-12.5,17.5,1304.93701171875
49061,3,20,2,-10,20,-10,20,1305.1600341796875
49061,3,3,2,10,20,10,20,1307.259033203125
49061,3,5,2,12.5,17.5,12.5,17.5,1307.5369873046875
49061,3,2,4,15,20,15,20,1307.81494140625
49061,3,1,5,15,23.5,15,23.5,1308.093017578125
49061,3,4,5,20,20,20,20,1308.781982421875
49061,3,10,4,20,15,20,15,1309.29296875
49061,3,16,2,20,10,20,10,1309.760009765625
49061,3,51,1,15,-6.5,15,-6.5,1315.093017578125
49061,3,46,2,12.5,-12.5,12.5,-12.5,1315.56005859375
49061,3,43,4,15,-15,15,-15,1315.759033203125
49061,3,40,4,17.5,-17.5,17.5,-17.5,1316.06005859375
49061,3,44,4,20,-15,20,-15,1316.237060546875
49061,3,45,5,23.5,-15,23.5,-15,1316.5150146484375
49061,3,38,5,20,-20,20,-20,1317.260009765625
49061,3,36,4,15,-20,15,-20,1317.6929931640625
49061,3,35,5,15,-23.5,15,-23.5,1317.81494140625
49061,3,37,2,10,-20,10,-20,1318.58203125
49061,3,39,2,12.5,-17.5,12.5,-17.5,1318.9820556640625
49061,3,54,2,-10,-20,-10,-20,1320.958984375
49061,3,56,2,-12.5,-17.5,-12.5,-17.5,1321.1600341796875
49061,3,53,4,-15,-20,-15,-20,1321.3599853515625
49061,3,57,4,-17.5,-17.5,-17.5,-17.5,1321.5589599609375
49061,3,55,5,-20,-20,-20,-20,1321.759033203125
49061,3,62,5,-23.5,-15,-23.5,-15,1324.759033203125
49061,3,61,4,-20,-15,-20,-15,1325.1929931640625
49061,3,60,4,-15,-15,-15,-15,1325.614990234375
49061,3,56,2,-12.5,-17.5,-12.5,-17.5,1326.1820068359375
49061,3,52,5,-15,-23.5,-15,-23.5,1326.48095703125
49061,3,53,4,-15,-20,-15,-20,1327.237060546875
49061,3,57,4,-17.5,-17.5,-17.5,-17.5,1327.48095703125
49061,3,55,5,-20,-20,-20,-20,1327.6929931640625
49061,3,64,2,-17.5,-12.5,-17.5,-12.5,1328.8929443359375
49061,3,67,2,-20,-10,-20,-10,1329.1820068359375
49061,3,28,5,-23.5,15,-23.5,15,1331.281005859375
49061,4,36,5,10,-10,10,-10,1342.114990234375
49061,4,42,5,5,-20,5,-20,1342.9150390625
49061,4,41,4,10,-20,10,-20,1343.08203125
49061,4,47,2,10,-30,10,-30,1343.958984375
49061,4,44,2,15,-25,15,-25,1345.2139892578125
49061,4,40,4,20,-20,20,-20,1345.6929931640625
49061,4,38,4,15,-15,15,-15,1346.08203125
49061,4,35,4,20,-10,20,-10,1346.737060546875
49061,4,33,5,20,-5,20,-5,1347.0589599609375
49061,4,34,2,30,-10,30,-10,1347.79296875
49061,4,37,2,25,-15,25,-15,1348.2149658203125
49061,4,11,5,23.5,15,23.5,15,1351.1929931640625
49061,4,4,5,20,20,20,20,1351.6929931640625
49061,4,1,5,15,23.5,15,23.5,1352.2149658203125
49061,4,3,4,15,20,15,20,1352.4820556640625
49061,4,6,4,17.5,17.5,17.5,17.5,1352.6929931640625
49061,4,10,4,20,15,20,15,1352.9930419921875
49061,4,16,2,20,10,20,10,1353.4930419921875
49061,4,13,2,17.5,12.5,17.5,12.5,1353.5369873046875
49061,4,9,4,15,15,15,15,1353.81494140625
49061,4,5,2,12.5,17.5,12.5,17.5,1354.135986328125
49061,4,2,2,10,20,10,20,1354.4930419921875
49061,4,7,1,6.5,15,6.5,15,1354.7149658203125
49061,4,14,1,10,10,10,10,1355.29296875
49061,4,15,1,15,10,15,10,1355.7149658203125
49061,4,12,2,12.5,12.5,12.5,12.5,1355.781005859375
49061,4,8,1,10,15,10,15,1355.9820556640625
49061,4,17,1,15,6.5,15,6.5,1357.3599853515625
49061,4,27,5,-5,20,-5,20,1361.237060546875
49061,4,18,5,-20,5,-20,5,1362.93701171875
49061,4,21,5,-10,10,-10,10,1364.1929931640625
49061,4,23,4,-15,15,-15,15,1365.1929931640625
49061,4,20,4,-20,10,-20,10,1365.759033203125
49061,4,58,5,-23.5,-15,-23.5,-15,1370.136962890625
49061,4,51,5,-20,-20,-20,-20,1370.592041015625
49061,4,48,5,-15,-23.5,-15,-23.5,1371.136962890625
49061,4,49,4,-15,-20,-15,-20,1371.458984375
49061,4,53,4,-17.5,-17.5,-17.5,-17.5,1371.6810302734375
49061,4,57,4,-20,-15,-20,-15,1371.98095703125
49061,4,60,2,-17.5,-12.5,-17.5,-12.5,1372.3360595703125
49061,4,56,4,-15,-15,-15,-15,1372.5369873046875
49061,4,52,2,-12.5,-17.5,-12.5,-17.5,1372.8919677734375
49061,4,50,2,-10,-20,-10,-20,1373.1920166015625
49061,4,42,5,5,-20,5,-20,1374.4820556640625
49061,4,41,4,10,-20,10,-20,1374.93701171875
49061,4,44,2,15,-25,15,-25,1375.43701171875
49061,4,47,2,10,-30,10,-30,1375.8809814453125
49061,4,46,1,20,-30,20,-30,1376.991943359375
49061,4,36,5,10,-10,10,-10,1380.81396484375
49061,4,33,5,20,-5,20,-5,1382.2139892578125
49061,4,35,4,20,-10,20,-10,1382.7139892578125
49061,4,38,4,15,-15,15,-15,1383.31494140625
49061,4,41,4,10,-20,10,-20,1383.8809814453125
49061,4,42,5,5,-20,5,-20,1384.491943359375
49061,4,16,2,20,10,20,10,1387.5810546875
49061,4,10,4,20,15,20,15,1387.98095703125
49061,4,4,5,20,20,20,20,1388.3809814453125
49061,4,1,5,15,23.5,15,23.5,1388.8370361328125
49061,4,2,2,10,20,10,20,1389.4139404296875
49061,4,5,2,12.5,17.5,12.5,17.5,1389.5589599609375
49061,4,3,4,15,20,15,20,1389.636962890625
49061,4,9,4,15,15,15,15,1389.7919921875
49061,4,6,4,17.5,17.5,17.5,17.5,1389.8919677734375
49061,4,27,5,-5,20,-5,20,1391.98095703125
49061,4,26,4,-10,20,-10,20,1392.4139404296875
49061,4,23,4,-15,15,-15,15,1392.8809814453125
49061,4,21,5,-10,10,-10,10,1393.2919921875
49061,4,18,5,-20,5,-20,5,1394.1920166015625
49061,4,20,4,-20,10,-20,10,1394.635986328125
49061,4,64,1,-15,-6.5,-15,-6.5,1396.491943359375
49061,4,63,2,-20,-10,-20,-10,1396.9139404296875
49061,4,58,5,-23.5,-15,-23.5,-15,1397.3919677734375
49061,4,57,4,-20,-15,-20,-15,1397.81396484375
49061,4,51,5,-20,-20,-20,-20,1397.8919677734375
49061,4,53,4,-17.5,-17.5,-17.5,-17.5,1398.0360107421875
49061,4,49,4,-15,-20,-15,-20,1398.3360595703125
49061,4,48,5,-15,-23.5,-15,-23.5,1398.3809814453125
49061,4,50,2,-10,-20,-10,-20,1400.08203125
49061,4,52,2,-12.5,-17.5,-12.5,-17.5,1400.3809814453125
49061,4,56,4,-15,-15,-15,-15,1400.614013671875
49061,4,60,2,-17.5,-12.5,-17.5,-12.5,1400.958984375
49061,4,55,1,-10,-15,-10,-15,1403.458984375
49061,4,54,1,-6.5,-15,-6.5,-15,1403.5589599609375
49061,4,2,2,10,20,10,20,1424.3590087890625
49061,4,64,1,-15,-6.5,-15,-6.5,1427.8919677734375
49061,4,62,1,-15,-10,-15,-10,1428.0589599609375
49061,4,60,2,-17.5,-12.5,-17.5,-12.5,1428.31396484375
49061,4,57,4,-20,-15,-20,-15,1428.5799560546875
49061,4,58,5,-23.5,-15,-23.5,-15,1428.81396484375
49061,4,53,4,-17.5,-17.5,-17.5,-17.5,1428.9580078125
49061,4,51,5,-20,-20,-20,-20,1429.0579833984375
49061,4,49,4,-15,-20,-15,-20,1429.2359619140625
49061,4,48,5,-15,-23.5,-15,-23.5,1429.4580078125
49061,4,50,2,-10,-20,-10,-20,1430.7919921875
49061,4,42,5,5,-20,5,-20,1431.990966796875
49061,4,47,2,10,-30,10,-30,1433.592041015625
49061,4,41,4,10,-20,10,-20,1434.5579833984375
49061,4,33,5,20,-5,20,-5,1436.0909423828125
49061,4,47,2,10,-30,10,-30,1439.2359619140625
49061,4,48,5,-15,-23.5,-15,-23.5,1441.43701171875
49061,4,51,5,-20,-20,-20,-20,1441.93603515625
49061,4,58,5,-23.5,-15,-23.5,-15,1442.43603515625
49061,4,57,4,-20,-15,-20,-15,1442.6920166015625
49061,4,53,4,-17.5,-17.5,-17.5,-17.5,1442.9129638671875
49061,4,49,4,-15,-20,-15,-20,1443.2139892578125
49061,4,60,2,-17.5,-12.5,-17.5,-12.5,1444.1590576171875
49061,4,56,4,-15,-15,-15,-15,1444.2139892578125
49061,4,62,1,-15,-10,-15,-10,1444.48095703125
49061,4,18,5,-20,5,-20,5,1446.97998046875
49061,4,21,5,-10,10,-10,10,1448.092041015625
49061,4,27,5,-5,20,-5,20,1449.157958984375
49061,4,1,5,15,23.5,15,23.5,1450.9580078125
49061,4,3,4,15,20,15,20,1451.135986328125
49061,4,6,4,17.5,17.5,17.5,17.5,1451.43603515625
49061,4,4,5,20,20,20,20,1451.5360107421875
49061,4,10,4,20,15,20,15,1451.7359619140625
49061,4,11,5,23.5,15,23.5,15,1451.9580078125
49061,4,16,2,20,10,20,10,1452.31396484375
49061,4,15,1,15,10,15,10,1452.758056640625
49061,4,12,2,12.5,12.5,12.5,12.5,1452.990966796875
49061,4,9,4,15,15,15,15,1453.0579833984375
49061,4,8,1,10,15,10,15,1453.31396484375
49061,4,2,2,10,20,10,20,1453.657958984375
49061,4,5,2,12.5,17.5,12.5,17.5,1453.81298828125
49061,4,13,2,17.5,12.5,17.5,12.5,1454.3800048828125
49061,4,17,1,15,6.5,15,6.5,1454.8809814453125
49061,4,33,5,20,-5,20,-5,1456.31396484375
49061,4,35,4,20,-10,20,-10,1456.5360107421875
49061,4,34,2,30,-10,30,-10,1457.3360595703125
49061,4,37,2,25,-15,25,-15,1457.8360595703125
49061,4,39,1,30,-20,30,-20,1458.48095703125
49061,4,43,2,25,-25,25,-25,1459.0810546875
49061,4,40,4,20,-20,20,-20,1459.6910400390625
49061,4,38,4,15,-15,15,-15,1460.258056640625
49061,4,36,5,10,-10,10,-10,1463.157958984375
49061,4,35,4,20,-10,20,-10,1463.791015625
49061,4,33,5,20,-5,20,-5,1464.157958984375
49061,4,41,4,10,-20,10,-20,1465.7130126953125
49061,4,42,5,5,-20,5,-20,1466.9580078125
49061,4,50,2,-10,-20,-10,-20,1468.635986328125
49061,4,52,2,-12.5,-17.5,-12.5,-17.5,1468.8360595703125
49061,4,49,4,-15,-20,-15,-20,1469.012939453125
49061,4,53,4,-17.5,-17.5,-17.5,-17.5,1469.2359619140625
49061,4,51,5,-20,-20,-20,-20,1469.4139404296875
49061,4,48,5,-15,-23.5,-15,-23.5,1470.2359619140625
49061,4,57,4,-20,-15,-20,-15,1470.97998046875
49061,4,58,5,-23.5,-15,-23.5,-15,1471.135986328125
49061,4,63,2,-20,-10,-20,-10,1471.5140380859375
49061,4,60,2,-17.5,-12.5,-17.5,-12.5,1471.5579833984375
49061,4,62,1,-15,-10,-15,-10,1471.81396484375
49061,4,59,2,-12.5,-12.5,-12.5,-12.5,1472.012939453125
49061,4,56,4,-15,-15,-15,-15,1472.0360107421875
49061,4,55,1,-10,-15,-10,-15,1472.3349609375
49061,4,61,1,-10,-10,-10,-10,1474.2020263671875
49061,4,64,1,-15,-6.5,-15,-6.5,1474.780029296875
49061,4,18,5,-20,5,-20,5,1475.9129638671875
49061,4,20,4,-20,10,-20,10,1476.3580322265625
49061,4,22,2,-25,15,-25,15,1476.9129638671875
49061,4,28,2,-25,25,-25,25,1477.791015625
49061,4,29,2,-15,25,-15,25,1478.5360107421875
49061,4,26,4,-10,20,-10,20,1479.157958984375
49061,4,27,5,-5,20,-5,20,1479.4129638671875
49061,4,25,4,-20,20,-20,20,1480.635986328125
49061,4,23,4,-15,15,-15,15,1481.135986328125
49061,4,21,5,-10,10,-10,10,1481.8360595703125
49061,4,18,5,-20,5,-20,5,1483.3909912109375
49061,4,63,2,-20,-10,-20,-10,1484.490966796875
49061,4,60,2,-17.5,-12.5,-17.5,-12.5,1484.6910400390625
49061,4,57,4,-20,-15,-20,-15,1484.8800048828125
49061,4,53,4,-17.5,-17.5,-17.5,-17.5,1485.092041015625
49061,4,51,5,-20,-20,-20,-20,1485.280029296875
49061,4,49,4,-15,-20,-15,-20,1485.5799560546875
49061,4,48,5,-15,-23.5,-15,-23.5,1485.635986328125
49061,4,58,5,-23.5,-15,-23.5,-15,1487.47998046875
49061,4,56,4,-15,-15,-15,-15,1488.3580322265625
49061,4,59,2,-12.5,-12.5,-12.5,-12.5,1488.4580078125
49061,4,52,2,-12.5,-17.5,-12.5,-17.5,1488.6800537109375
49061,4,50,2,-10,-20,-10,-20,1489.114013671875
49061,4,42,5,5,-20,5,-20,1490.3580322265625
49061,4,41,4,10,-20,10,-20,1490.791015625
49061,4,38,4,15,-15,15,-15,1491.3800048828125
49061,4,36,5,10,-10,10,-10,1491.802978515625
49061,4,33,5,20,-5,20,-5,1492.81298828125
49061,4,35,4,20,-10,20,-10,1493.291015625
49061,4,37,2,25,-15,25,-15,1493.9580078125
49061,4,39,1,30,-20,30,-20,1494.5570068359375
49061,4,34,2,30,-10,30,-10,1495.47998046875
49061,4,33,5,20,-5,20,-5,1498.0799560546875
49061,4,36,5,10,-10,10,-10,1499.0799560546875
49061,4,42,5,5,-20,5,-20,1500.0360107421875
49061,4,41,4,10,-20,10,-20,1500.3909912109375
49061,4,38,4,15,-15,15,-15,1500.9580078125
49061,4,35,4,20,-10,20,-10,1501.5360107421875
49061,4,44,2,15,-25,15,-25,1504.1910400390625
49061,4,47,2,10,-30,10,-30,1504.7030029296875
49061,4,42,5,5,-20,5,-20,1507.31298828125
49061,4,48,5,-15,-23.5,-15,-23.5,1508.8349609375
49061,4,51,5,-20,-20,-20,-20,1509.3909912109375
49061,4,58,5,-23.5,-15,-23.5,-15,1512.012939453125
49061,4,57,4,-20,-15,-20,-15,1512.3580322265625
49061,4,56,4,-15,-15,-15,-15,1512.780029296875
49061,4,55,1,-10,-15,-10,-15,1513.2349853515625
49061,4,54,1,-6.5,-15,-6.5,-15,1513.512939453125
49061,4,42,5,5,-20,5,-20,1514.95703125
49061,4,41,4,10,-20,10,-20,1515.5350341796875
49061,4,38,4,15,-15,15,-15,1516.157958984375
49061,4,36,5,10,-10,10,-10,1516.635009765625
49061,4,35,4,20,-10,20,-10,1517.3580322265625
49061,4,33,5,20,-5,20,-5,1518.5789794921875
49061,4,11,5,23.5,15,23.5,15,1520.512939453125
49061,4,10,4,20,15,20,15,1520.7349853515625
49061,4,4,5,20,20,20,20,1521.0360107421875
49061,4,1,5,15,23.5,15,23.5,1521.5579833984375
49061,4,3,4,15,20,15,20,1521.60302734375
49061,4,27,5,-5,20,-5,20,1523.2349853515625
49061,4,26,4,-10,20,-10,20,1523.6800537109375
49061,4,23,4,-15,15,-15,15,1524.2130126953125
49061,4,21,5,-10,10,-10,10,1524.5799560546875
49061,4,18,5,-20,5,-20,5,1525.5360107421875
49061,4,64,1,-15,-6.5,-15,-6.5,1526.4129638671875
49061,4,62,1,-15,-10,-15,-10,1526.7130126953125
49061,4,60,2,-17.5,-12.5,-17.5,-12.5,1526.8909912109375
49061,4,57,4,-20,-15,-20,-15,1527.1800537109375
49061,4,58,5,-23.5,-15,-23.5,-15,1527.31298828125
49061,4,51,5,-20,-20,-20,-20,1527.7349853515625
49061,4,53,4,-17.5,-17.5,-17.5,-17.5,1527.9580078125
49061,4,63,2,-20,-10,-20,-10,1528.43505859375
49061,4,61,1,-10,-10,-10,-10,1529.3800048828125
49061,4,59,2,-12.5,-12.5,-12.5,-12.5,1529.43603515625
49061,4,56,4,-15,-15,-15,-15,1529.656982421875
49061,4,49,4,-15,-20,-15,-20,1530.156982421875
49061,4,52,2,-12.5,-17.5,-12.5,-17.5,1530.2349853515625
49061,4,48,5,-15,-23.5,-15,-23.5,1530.45703125
49061,4,54,1,-6.5,-15,-6.5,-15,1532.4580078125
49061,4,36,5,10,-10,10,-10,1535.001953125
49061,4,33,5,20,-5,20,-5,1535.9129638671875
49061,4,35,4,20,-10,20,-10,1536.45703125
49061,4,38,4,15,-15,15,-15,1537.0350341796875
49061,4,41,4,10,-20,10,-20,1537.613037109375
49061,4,42,5,5,-20,5,-20,1539.0799560546875
49061,4,47,2,10,-30,10,-30,1540.43505859375
49061,4,44,2,15,-25,15,-25,1541.5579833984375
49061,4,43,2,25,-25,25,-25,1542.656982421875
49061,4,40,4,20,-20,20,-20,1543.135009765625
49061,4,35,4,20,-10,20,-10,1543.97998046875
49061,4,33,5,20,-5,20,-5,1544.3800048828125
49061,4,36,5,10,-10,10,-10,1546.31298828125
49061,4,38,4,15,-15,15,-15,1546.8349609375
49061,4,41,4,10,-20,10,-20,1547.280029296875
49061,4,42,5,5,-20,5,-20,1547.613037109375
49061,4,48,5,-15,-23.5,-15,-23.5,1549.4019775390625
49061,5,41,2,-6.5,15,-6.5,15,759.49871826171875
49061,6,68,5,-10,-1.5,-10,-1.5,365.38031005859375
49061,6,66,5,-10,-5,-10,-5,365.7359924316406
49061,6,63,4,-7.5,-7.5,-7.5,-7.5,365.98040771484375
49061,6,65,5,-5,-5,-5,-5,366.0582885742187
49061,6,59,5,-5,-10,-5,-10,366.3807067871094
49061,6,58,5,-1.5,-10,-1.5,-10,366.4574890136719
49061,6,24,5,6.5,-15,6.5,-15,367.535888671875
49061,6,25,5,10,-15,10,-15,367.5580139160156
49061,6,20,4,10,-20,10,-20,368.13531494140625
49061,6,22,4,12.5,-17.5,12.5,-17.5,368.3359069824219
49061,6,29,4,12.5,-12.5,12.5,-12.5,368.53570556640625
49061,6,31,5,10,-10,10,-10,368.7912902832031
49061,6,32,5,15,-10,15,-10,368.935791015625
49061,6,34,5,15,-6.5,15,-6.5,369.0802917480469
49061,6,17,5,10,1.5,10,1.5,370.2135009765625
49061,6,15,5,10,5,10,5,370.4353942871094
49061,6,14,5,5,5,5,5,370.78021240234375
49061,6,8,5,5,10,5,10,371.1357116699219
49061,6,7,5,1.5,10,1.5,10,371.4140930175781
49061,6,41,5,-6.5,15,-6.5,15,372.1914978027344
49061,6,48,5,-10,10,-10,10,372.5797119140625
49061,6,46,4,-12.5,12.5,-12.5,12.5,372.8132934570313
49061,6,42,5,-10,15,-10,15,372.8912048339844
49061,6,49,5,-15,10,-15,10,373.1357116699219
49061,6,47,4,-17.5,12.5,-17.5,12.5,373.2799072265625
49061,6,51,5,-15,6.5,-15,6.5,373.4802856445313
49061,6,68,5,-10,-1.5,-10,-1.5,374.3131103515625
49061,6,66,5,-10,-5,-10,-5,374.63531494140625
49061,6,65,5,-5,-5,-5,-5,374.9023132324219
49061,6,63,4,-7.5,-7.5,-7.5,-7.5,374.9578857421875
49061,6,59,5,-5,-10,-5,-10,375.2131958007813
49061,6,58,5,-1.5,-10,-1.5,-10,375.3352966308594
49061,6,24,5,6.5,-15,6.5,-15,376.1579895019531
49061,6,25,5,10,-15,10,-15,376.4583129882813
49061,6,29,4,12.5,-12.5,12.5,-12.5,376.8576965332031
49061,6,31,5,10,-10,10,-10,377.0354919433594
49061,6,34,5,15,-6.5,15,-6.5,377.5914916992187
49061,6,32,5,15,-10,15,-10,377.6914978027344
49061,6,30,4,17.5,-12.5,17.5,-12.5,378.0133972167969
49061,6,33,4,20,-10,20,-10,378.1025085449219
49061,6,27,2,20,-15,20,-15,378.3577880859375
49061,6,23,2,17.5,-17.5,17.5,-17.5,378.5578002929687
49061,6,19,2,15,-20,15,-20,378.8576965332031
49061,6,22,4,12.5,-17.5,12.5,-17.5,378.8916931152344
49061,6,20,4,10,-20,10,-20,379.1914978027344
49061,6,17,5,10,1.5,10,1.5,381.1910095214844
49061,6,15,5,10,5,10,5,381.4797973632813
49061,6,16,4,15,5,15,5,381.6575012207031
49061,6,13,4,12.5,7.5,12.5,7.5,382.0909118652344
49061,6,9,2,10,10,10,10,382.3576049804687
49061,6,12,4,7.5,7.5,7.5,7.5,382.5137023925781
49061,6,14,5,5,5,5,5,382.735107421875
49061,6,7,5,1.5,10,1.5,10,383.2575073242187
49061,6,8,5,5,10,5,10,383.4800109863281
49061,6,5,4,7.5,12.5,7.5,12.5,383.7355041503906
49061,6,2,4,5,15,5,15,384.0577087402344
49061,6,41,5,-6.5,15,-6.5,15,385.03509521484375
49061,6,42,5,-10,15,-10,15,385.3131103515625
49061,6,48,5,-10,10,-10,10,385.835205078125
49061,6,49,5,-15,10,-15,10,386.302490234375
49061,6,51,5,-15,6.5,-15,6.5,386.79150390625
49061,6,66,5,-10,-5,-10,-5,387.8135070800781
49061,6,68,5,-10,-1.5,-10,-1.5,387.835693359375
49061,6,63,4,-7.5,-7.5,-7.5,-7.5,388.1799926757813
49061,6,59,5,-5,-10,-5,-10,388.43548583984375
49061,6,58,5,-1.5,-10,-1.5,-10,388.7796020507813
49061,6,65,5,-5,-5,-5,-5,389.1578979492187
49061,6,31,5,10,-10,10,-10,390.8133850097656
49061,6,25,5,10,-15,10,-15,390.9801940917969
49061,6,24,5,6.5,-15,6.5,-15,391.3133850097656
49061,6,20,4,10,-20,10,-20,391.61370849609375
49061,6,22,4,12.5,-17.5,12.5,-17.5,391.7799072265625
49061,6,29,4,12.5,-12.5,12.5,-12.5,391.9800109863281
49061,6,32,5,15,-10,15,-10,392.2578125
49061,6,30,4,17.5,-12.5,17.5,-12.5,392.3580017089844
49061,6,34,5,15,-6.5,15,-6.5,392.59130859375
49061,6,17,5,10,1.5,10,1.5,393.3356018066406
49061,6,15,5,10,5,10,5,393.65771484375
49061,6,12,4,7.5,7.5,7.5,7.5,393.9132995605469
49061,6,14,5,5,5,5,5,393.9352111816406
49061,6,7,5,1.5,10,1.5,10,394.3580017089844
49061,6,8,5,5,10,5,10,394.3797912597656
49061,6,41,5,-6.5,15,-6.5,15,395.4577941894531
49061,6,48,5,-10,10,-10,10,395.9018859863281
49061,6,46,4,-12.5,12.5,-12.5,12.5,396.27978515625
49061,6,49,5,-15,10,-15,10,396.33551025390625
49061,6,43,2,-15,15,-15,15,396.6018981933594
49061,6,39,4,-12.5,17.5,-12.5,17.5,396.7799072265625
49061,6,42,5,-10,15,-10,15,396.80218505859375
49061,6,51,5,-15,6.5,-15,6.5,397.8351135253906
49061,6,68,5,-10,-1.5,-10,-1.5,398.6795043945313
49061,6,66,5,-10,-5,-10,-5,398.9794921875
49061,6,65,5,-5,-5,-5,-5,399.2127990722656
49061,6,59,5,-5,-10,-5,-10,399.4793090820313
49061,6,58,5,-1.5,-10,-1.5,-10,399.6130065917969
49061,6,12,4,7.5,7.5,7.5,7.5,404.3580017089844
49061,6,14,5,5,5,5,5,404.3912963867187
49061,9,17,1,15,6.5,15,6.5,591.47802734375
49061,10,28,2,0,15,0,15,203.8152008056641
49061,10,21,2,-5,25,-5,25,204.7375030517578
49061,10,20,2,-15,25,-15,25,205.76060485839844
49061,10,24,2,-30,15,-30,15,207.38189697265625
49061,10,31,2,-25,5,-25,5,208.51519775390625
49061,10,52,2,-20,-5,-20,-5,209.41470336914065
49061,10,53,2,-30,-10,-30,-10,210.45919799804688
49061,10,58,2,-30,-20,-30,-20,211.15960693359375
49061,10,64,2,-30,-30,-30,-30,212.114501953125
49061,10,62,2,-25,-25,-25,-25,212.99229431152344
49061,10,59,2,-20,-20,-20,-20,215.2592010498047
49061,10,56,2,-25,-15,-25,-15,215.8144989013672
49061,10,54,2,-20,-10,-20,-10,216.38189697265625
49061,10,57,2,-15,-15,-15,-15,216.9817047119141
49061,10,60,2,-10,-20,-10,-20,217.5592041015625
49061,10,61,2,-5,-20,-5,-20,217.8928985595703
49061,10,48,2,5,-15,5,-15,218.8816070556641
49061,10,51,2,10,-18.5,10,-18.5,219.41470336914065
49061,10,49,2,10,-15,10,-15,219.6591033935547
49061,10,46,2,7.5,-12.5,7.5,-12.5,219.8928985595703
49061,10,42,2,5,-10,5,-10,220.15960693359375
49061,10,41,2,1.5,-10,1.5,-10,220.4593963623047
49061,10,36,2,5,-5,5,-5,220.93719482421875
49061,10,35,2,10,-1.5,10,-1.5,221.45919799804688
49061,10,37,2,10,-5,10,-5,221.53750610351565
49061,10,40,2,12.5,-7.5,12.5,-7.5,221.81480407714844
49061,10,44,2,15,-10,15,-10,222.11459350585935
49061,10,38,2,15,-5,15,-5,223.08189392089844
49061,10,43,2,10,-10,10,-10,223.65899658203125
49061,10,39,2,7.5,-7.5,7.5,-7.5,223.9373016357422
49061,10,47,2,12.5,-12.5,12.5,-12.5,224.1591033935547
49061,10,50,2,15,-15,15,-15,224.58189392089844
49061,10,51,2,10,-18.5,10,-18.5,225.49229431152344
49061,10,49,2,10,-15,10,-15,225.6819000244141
49061,10,46,2,7.5,-12.5,7.5,-12.5,225.9813995361328
49061,10,42,2,5,-10,5,-10,226.25929260253903
49061,10,41,2,1.5,-10,1.5,-10,226.4593048095703
49061,10,48,2,5,-15,5,-15,226.7928009033203
49061,10,40,2,12.5,-7.5,12.5,-7.5,227.5926055908203
49061,10,37,2,10,-5,10,-5,227.614501953125
49061,10,35,2,10,-1.5,10,-1.5,227.93699645996097
49061,10,14,2,10,10,10,10,229.11489868164065
49061,10,7,2,6.5,15,6.5,15,229.6367950439453
49061,10,8,2,10,15,10,15,229.81460571289065
49061,10,5,2,12.5,17.5,12.5,17.5,230.09249877929688
49061,10,2,2,10,20,10,20,230.1367950439453
49061,10,3,2,15,20,15,20,230.39300537109375
49061,10,1,2,15,23.5,15,23.5,230.55960083007813
49061,10,4,2,20,20,20,20,230.95919799804688
49061,10,10,2,20,15,20,15,231.4152069091797
49061,10,16,2,20,10,20,10,231.85899353027344
49061,10,11,2,23.5,15,23.5,15,232.2926025390625
49061,10,6,2,17.5,17.5,17.5,17.5,232.79220581054688
49061,10,9,2,15,15,15,15,233.18170166015625
49061,10,12,2,12.5,12.5,12.5,12.5,233.45919799804688
49061,10,15,2,15,10,15,10,233.75979614257813
49061,10,13,2,17.5,12.5,17.5,12.5,233.93679809570313
49061,10,14,2,10,10,10,10,234.87060546875
49061,10,17,2,15,6.5,15,6.5,235.3813934326172
49061,10,35,2,10,-1.5,10,-1.5,236.4591064453125
49061,10,37,2,10,-5,10,-5,236.78140258789065
49061,10,38,2,15,-5,15,-5,237.0590057373047
49061,10,40,2,12.5,-7.5,12.5,-7.5,237.8816070556641
49061,10,43,2,10,-10,10,-10,238.13690185546875
49061,10,44,2,15,-10,15,-10,238.3592071533203
49061,10,45,2,18.5,-10,18.5,-10,238.6593017578125
49061,10,50,2,15,-15,15,-15,239.33709716796875
49061,10,47,2,12.5,-12.5,12.5,-12.5,239.65919494628903
49061,10,49,2,10,-15,10,-15,239.71499633789065
49061,10,46,2,7.5,-12.5,7.5,-12.5,239.93780517578125
49061,10,48,2,5,-15,5,-15,240.1593017578125
49061,10,51,2,10,-18.5,10,-18.5,240.4925994873047
49061,10,42,2,5,-10,5,-10,241.49310302734375
49061,10,41,2,1.5,-10,1.5,-10,241.75889587402344
49061,10,36,2,5,-5,5,-5,241.98129272460935
49061,10,39,2,7.5,-7.5,7.5,-7.5,242.13670349121097
49061,10,37,2,10,-5,10,-5,242.281005859375
49061,10,38,2,15,-5,15,-5,242.78140258789065
49061,10,40,2,12.5,-7.5,12.5,-7.5,242.89309692382813
49061,10,35,2,10,-1.5,10,-1.5,243.11489868164065
49061,10,17,2,15,6.5,15,6.5,243.9591064453125
49061,10,14,2,10,10,10,10,244.29310607910156
49061,10,7,2,6.5,15,6.5,15,244.81480407714844
49061,10,8,2,10,15,10,15,244.99270629882813
49061,10,5,2,12.5,17.5,12.5,17.5,245.28179931640625
49061,10,2,2,10,20,10,20,245.31460571289065
49061,10,3,2,15,20,15,20,245.5814971923828
49061,10,1,2,15,23.5,15,23.5,245.7364959716797
49061,10,4,2,20,20,20,20,246.15939331054688
49061,10,6,2,17.5,17.5,17.5,17.5,246.3813934326172
49061,10,9,2,15,15,15,15,246.69259643554688
49061,10,13,2,17.5,12.5,17.5,12.5,246.83689880371097
49061,10,10,2,20,15,20,15,246.8925018310547
49061,10,11,2,23.5,15,23.5,15,247.1927032470703
49061,10,16,2,20,10,20,10,248.0926055908203
49061,10,15,2,15,10,15,10,248.58140563964844
49061,10,12,2,12.5,12.5,12.5,12.5,248.8365936279297
49061,10,14,2,10,10,10,10,249.31480407714844
49061,10,17,2,15,6.5,15,6.5,250.05889892578125
49061,10,35,2,10,-1.5,10,-1.5,251.4813995361328
49061,10,37,2,10,-5,10,-5,251.6927947998047
49061,10,36,2,5,-5,5,-5,251.93699645996097
49061,10,39,2,7.5,-7.5,7.5,-7.5,251.9593048095703
49061,10,42,2,5,-10,5,-10,252.2592010498047
49061,10,41,2,1.5,-10,1.5,-10,252.38099670410156
49061,10,48,2,5,-15,5,-15,252.75909423828125
49061,10,46,2,7.5,-12.5,7.5,-12.5,252.89190673828125
49061,10,49,2,10,-15,10,-15,253.09230041503903
49061,10,47,2,12.5,-12.5,12.5,-12.5,253.31509399414065
49061,10,51,2,10,-18.5,10,-18.5,253.95899963378903
49061,10,50,2,15,-15,15,-15,254.5366973876953
49061,10,45,2,18.5,-10,18.5,-10,255.08120727539065
49061,10,44,2,15,-10,15,-10,255.19200134277344
49061,10,40,2,12.5,-7.5,12.5,-7.5,255.4817047119141
49061,10,38,2,15,-5,15,-5,255.7592010498047
49061,10,17,2,15,6.5,15,6.5,256.6922912597656
49061,10,15,2,15,10,15,10,256.99261474609375
49061,10,12,2,12.5,12.5,12.5,12.5,257.2596130371094
49061,10,14,2,10,10,10,10,257.29229736328125
49061,10,7,2,6.5,15,6.5,15,257.71490478515625
49061,10,8,2,10,15,10,15,257.7926940917969
49061,10,5,2,12.5,17.5,12.5,17.5,258.05889892578125
49061,10,3,2,15,20,15,20,258.3367919921875
49061,10,1,2,15,23.5,15,23.5,258.5920104980469
49061,10,4,2,20,20,20,20,259.23699951171875
49061,10,6,2,17.5,17.5,17.5,17.5,259.4590148925781
49061,10,2,2,10,20,10,20,260.2590026855469
49061,10,9,2,15,15,15,15,260.7370910644531
49061,10,10,2,20,15,20,15,261.1145935058594
49061,10,11,2,23.5,15,23.5,15,261.39239501953125
49061,10,16,2,20,10,20,10,261.8811950683594
49061,10,17,2,15,6.5,15,6.5,262.3367919921875
49061,10,35,2,10,-1.5,10,-1.5,263.4142150878906
49061,10,37,2,10,-5,10,-5,263.5812072753906
49061,10,36,2,5,-5,5,-5,264.59228515625
49061,10,39,2,7.5,-7.5,7.5,-7.5,264.85919189453125
49061,10,42,2,7.5,-12.5,5,-10,265.281494140625
49061,10,46,2,7.5,-12.5,7.5,-12.5,265.2921142578125
49061,10,41,2,1.5,-10,1.5,-10,265.7143859863281
49061,10,48,2,5,-15,5,-15,267.1807861328125
49061,10,49,2,10,-15,10,-15,267.45928955078125
49061,10,47,2,12.5,-12.5,12.5,-12.5,267.7370910644531
49061,10,50,2,15,-15,15,-15,268.0144958496094
49061,10,45,2,18.5,-10,18.5,-10,268.5815124511719
49061,10,44,2,15,-10,15,-10,268.81500244140625
49061,10,51,2,10,-18.5,10,-18.5,269.85888671875
49061,10,46,2,7.5,-12.5,7.5,-12.5,271.0143127441406
49061,10,43,2,10,-10,10,-10,271.2919921875
49061,10,40,2,12.5,-7.5,12.5,-7.5,271.59228515625
49061,10,38,2,15,-5,15,-5,271.88079833984375
49061,10,17,2,15,6.5,15,6.5,272.881103515625
49061,10,15,2,15,10,15,10,273.1922912597656
49061,10,14,2,10,10,10,10,273.4142150878906
49061,10,12,2,12.5,12.5,12.5,12.5,273.591796875
49061,10,8,2,10,15,10,15,273.73699951171875
49061,10,7,2,6.5,15,6.5,15,273.8810119628906
49061,10,2,2,10,20,10,20,274.281005859375
49061,10,3,2,15,20,15,20,274.6921081542969
49061,10,1,2,15,23.5,15,23.5,274.81451416015625
49061,10,4,2,20,20,20,20,275.7142028808594
49061,10,6,2,17.5,17.5,17.5,17.5,275.9805908203125
49061,10,9,2,15,15,15,15,276.3146057128906
49061,10,5,2,12.5,17.5,12.5,17.5,276.3815002441406
49061,10,11,2,23.5,15,23.5,15,278.29229736328125
49061,10,10,2,20,15,20,15,278.314208984375
49061,10,13,2,17.5,12.5,17.5,12.5,278.5592041015625
49061,10,15,2,15,10,15,10,278.83648681640625
49061,10,17,2,15,6.5,15,6.5,279.11468505859375
49061,10,35,2,10,-1.5,10,-1.5,280.23638916015625
49061,10,37,2,10,-5,10,-5,280.3363952636719
49061,10,39,2,7.5,-7.5,7.5,-7.5,280.614501953125
49061,10,42,2,5,-10,5,-10,280.91400146484375
49061,10,41,2,1.5,-10,1.5,-10,281.19189453125
49061,10,36,2,5,-5,5,-5,281.99200439453125
49061,10,46,2,7.5,-12.5,7.5,-12.5,283.13751220703125
49061,10,49,2,10,-15,10,-15,283.4364013671875
49061,10,51,2,10,-18.5,10,-18.5,283.680908203125
49061,10,50,2,15,-15,15,-15,283.9368896484375
49061,10,47,2,12.5,-12.5,12.5,-12.5,284.0144958496094
49061,10,44,2,15,-10,15,-10,284.2589111328125
49061,10,40,2,12.5,-7.5,12.5,-7.5,284.5815124511719
49061,10,38,2,15,-5,15,-5,284.8140869140625
49061,10,45,2,18.5,-10,18.5,-10,285.4808044433594
49061,10,43,2,10,-10,10,-10,286.381103515625
49061,10,48,2,5,-15,5,-15,286.714599609375
49061,10,42,2,5,-10,5,-10,287.5920104980469
49061,10,39,2,7.5,-7.5,7.5,-7.5,287.7809143066406
49061,10,37,2,10,-5,10,-5,288.08160400390625
49061,10,35,2,10,-1.5,10,-1.5,288.3811950683594
49061,10,17,2,15,6.5,15,6.5,289.2143859863281
49061,10,15,2,15,10,15,10,289.4917907714844
49061,10,14,2,10,10,10,10,289.7146911621094
49061,10,8,2,10,15,10,15,290.2810974121094
49061,10,5,2,12.5,17.5,12.5,17.5,290.5809020996094
49061,10,3,2,15,20,15,20,290.88079833984375
49061,10,1,2,15,23.5,15,23.5,291.1813049316406
49061,10,2,2,10,20,10,20,291.35870361328125
49061,10,12,2,12.5,12.5,12.5,12.5,292.081298828125
49061,10,13,2,17.5,12.5,17.5,12.5,292.6144104003906
49061,10,10,2,20,15,20,15,292.8919982910156
49061,10,11,2,23.5,15,23.5,15,293.1142883300781
49061,10,4,2,20,20,20,20,293.49200439453125
49061,10,6,2,17.5,17.5,17.5,17.5,293.7923889160156
49061,10,17,2,15,6.5,15,6.5,295.28118896484375
49061,10,35,2,10,-1.5,10,-1.5,296.0364074707031
49061,10,36,2,5,-5,5,-5,296.5152893066406
49061,10,39,2,7.5,-7.5,7.5,-7.5,296.68121337890625
49061,10,37,2,10,-5,10,-5,296.7923889160156
49061,10,43,2,10,-10,10,-10,296.9587097167969
49061,10,42,2,5,-10,5,-10,297.180908203125
49061,10,41,2,1.5,-10,1.5,-10,297.4805908203125
49061,10,48,2,5,-15,5,-15,298.19171142578125
49061,10,51,2,10,-18.5,10,-18.5,298.7145080566406
49061,10,49,2,10,-15,10,-15,299.05889892578125
49061,10,40,2,12.5,-7.5,12.5,-7.5,299.7145080566406
49061,10,38,2,15,-5,15,-5,300.01409912109375
49061,10,44,2,15,-10,15,-10,300.4809875488281
49061,10,47,2,12.5,-12.5,12.5,-12.5,300.7809143066406
49061,10,50,2,15,-15,15,-15,301.33660888671875
49061,10,45,2,18.5,-10,18.5,-10,301.7807922363281
49061,10,17,2,15,6.5,15,6.5,303.3139953613281
49061,10,15,2,15,10,15,10,303.4809875488281
49061,10,12,2,12.5,12.5,12.5,12.5,303.7915954589844
49061,10,14,2,10,10,10,10,303.85870361328125
49061,10,7,2,6.5,15,6.5,15,304.3362121582031
49061,10,8,2,10,15,10,15,304.3922119140625
49061,10,5,2,12.5,17.5,12.5,17.5,304.6807861328125
49061,10,3,2,15,20,15,20,304.980712890625
49061,10,1,2,15,23.5,15,23.5,305.21429443359375
49061,10,2,2,10,20,10,20,305.8584899902344
49061,10,4,2,20,20,20,20,306.7919006347656
49061,10,6,2,17.5,17.5,17.5,17.5,307.080810546875
49061,10,10,2,20,15,20,15,307.45831298828125
49061,10,13,2,17.5,12.5,17.5,12.5,307.4917907714844
49061,10,11,2,23.5,15,23.5,15,307.8367919921875
49061,10,9,2,15,15,15,15,308.78070068359375
49061,10,16,2,20,10,20,10,309.7807922363281
49061,10,35,2,10,-1.5,10,-1.5,310.9366149902344
49061,10,37,2,10,-5,10,-5,311.19158935546875
49061,10,39,2,7.5,-7.5,7.5,-7.5,311.4917907714844
49061,10,36,2,5,-5,5,-5,311.5138854980469
49061,10,42,2,5,-10,5,-10,311.7919006347656
49061,10,41,2,1.5,-10,1.5,-10,311.9364013671875
49061,10,48,2,5,-15,5,-15,312.3359069824219
49061,10,49,2,10,-15,10,-15,312.7583923339844
49061,10,47,2,12.5,-12.5,12.5,-12.5,313.0809020996094
49061,10,44,2,15,-10,15,-10,313.3808898925781
49061,10,50,2,15,-15,15,-15,313.7804870605469
49061,10,51,2,10,-18.5,10,-18.5,314.41400146484375
49061,10,46,2,7.5,-12.5,7.5,-12.5,314.9809875488281
49061,10,43,2,10,-10,10,-10,315.2137145996094
49061,10,40,2,12.5,-7.5,12.5,-7.5,315.4916076660156
49061,10,38,2,15,-5,15,-5,315.7922058105469
49061,10,45,2,18.5,-10,18.5,-10,316.1807861328125
49061,10,15,2,15,10,15,10,318.3581848144531
49061,10,12,2,12.5,12.5,12.5,12.5,318.6582946777344
49061,10,14,2,10,10,10,10,318.89208984375
49061,10,17,2,15,6.5,15,6.5,319.45849609375
49061,10,8,2,10,15,10,15,320.2580871582031
49061,10,5,2,12.5,17.5,12.5,17.5,320.51409912109375
49061,10,2,2,10,20,10,20,320.81439208984375
49061,10,7,2,6.5,15,6.5,15,321.3363037109375
49061,10,1,2,15,23.5,15,23.5,322.2921142578125
49061,10,3,2,15,20,15,20,322.71380615234375
49061,10,9,2,15,15,15,15,323.1142883300781
49061,10,6,2,17.5,17.5,17.5,17.5,323.3363037109375
49061,10,4,2,20,20,20,20,323.6148986816406
49061,10,11,2,23.5,15,23.5,15,324.2806091308594
49061,10,10,2,20,15,20,15,324.35809326171875
49061,10,13,2,17.5,12.5,17.5,12.5,324.6802978515625
49061,10,16,2,20,10,20,10,324.9805908203125
49061,10,17,2,15,6.5,15,6.5,326.0804138183594
49061,10,37,2,10,-5,10,-5,327.29180908203125
49061,10,39,2,7.5,-7.5,7.5,-7.5,327.591796875
49061,10,36,2,5,-5,5,-5,327.79229736328125
49061,10,35,2,10,-1.5,10,-1.5,328.23590087890625
49061,10,42,2,5,-10,5,-10,329.0918884277344
49061,10,41,2,1.5,-10,1.5,-10,329.35809326171875
49061,10,48,2,5,-15,5,-15,329.6805114746094
49061,10,46,2,7.5,-12.5,7.5,-12.5,329.9360046386719
49061,10,49,2,10,-15,10,-15,330.2582092285156
49061,10,47,2,12.5,-12.5,12.5,-12.5,330.33599853515625
49061,10,51,2,10,-18.5,10,-18.5,331.51409912109375
49061,10,50,2,15,-15,15,-15,332.1361999511719
49061,10,43,2,10,-10,10,-10,332.65789794921875
49061,10,40,2,12.5,-7.5,12.5,-7.5,332.81390380859375
49061,10,44,2,15,-10,15,-10,332.8586120605469
49061,10,45,2,18.5,-10,18.5,-10,333.1806945800781
49061,10,38,2,15,-5,15,-5,334.4588928222656
49061,10,17,2,15,6.5,15,6.5,335.4364013671875
49061,10,15,2,15,10,15,10,335.7356872558594
49061,10,14,2,10,10,10,10,335.935791015625
49061,10,7,2,6.5,15,6.5,15,336.3916931152344
49061,10,8,2,10,15,10,15,336.5804138183594
49061,10,12,2,12.5,12.5,12.5,12.5,336.9580993652344
49061,10,13,2,17.5,12.5,17.5,12.5,337.69171142578125
49061,10,10,2,20,15,20,15,337.9919128417969
49061,10,11,2,23.5,15,23.5,15,338.23590087890625
49061,10,16,2,20,10,20,10,338.65869140625
49061,10,9,2,15,15,15,15,339.2806091308594
49061,10,5,2,12.5,17.5,12.5,17.5,339.5804138183594
49061,10,2,2,10,20,10,20,339.8799133300781
49061,10,3,2,15,20,15,20,340.7139892578125
49061,10,6,2,17.5,17.5,17.5,17.5,340.9920959472656
49061,10,4,2,20,20,20,20,341.2361145019531
49061,10,1,2,15,23.5,15,23.5,341.7919921875
49061,10,12,2,12.5,12.5,12.5,12.5,343.19189453125
49061,10,15,2,15,10,15,10,343.214111328125
49061,10,14,2,10,10,10,10,343.480712890625
49061,10,35,2,10,-1.5,10,-1.5,344.45831298828125
49061,10,37,2,10,-5,10,-5,344.7583923339844
49061,10,39,2,7.5,-7.5,7.5,-7.5,344.9919128417969
49061,10,42,2,5,-10,5,-10,345.2919006347656
49061,10,41,2,1.5,-10,1.5,-10,345.4805908203125
49061,10,48,2,5,-15,5,-15,345.8580017089844
49061,10,46,2,7.5,-12.5,7.5,-12.5,345.98028564453125
49061,10,36,2,5,-5,5,-5,346.5804138183594
49061,10,40,2,12.5,-7.5,12.5,-7.5,347.5802001953125
49061,10,43,2,10,-10,10,-10,347.79119873046875
49061,10,49,2,10,-15,10,-15,348.514404296875
49061,10,51,2,10,-18.5,10,-18.5,348.6138000488281
49061,10,47,2,12.5,-12.5,12.5,-12.5,348.9360046386719
49061,10,50,2,15,-15,15,-15,348.9580993652344
49061,10,44,2,15,-10,15,-10,349.48040771484375
49061,10,38,2,15,-5,15,-5,349.6914978027344
49061,10,45,2,18.5,-10,18.5,-10,349.9580993652344
49061,10,37,2,10,-5,10,-5,351.158203125
49061,10,35,2,10,-1.5,10,-1.5,351.435791015625
49061,10,17,2,15,6.5,15,6.5,352.23590087890625
49061,10,15,2,15,10,15,10,352.535400390625
49061,10,12,2,12.5,12.5,12.5,12.5,352.7807922363281
49061,10,14,2,10,10,10,10,352.9359130859375
49061,10,7,2,6.5,15,6.5,15,353.29150390625
49061,10,8,2,10,15,10,15,353.4137878417969
49061,10,5,2,12.5,17.5,12.5,17.5,353.6914978027344
49061,10,2,2,10,20,10,20,353.71380615234375
49061,10,3,2,15,20,15,20,353.98028564453125
49061,10,1,2,15,23.5,15,23.5,354.1357116699219
49061,10,4,2,20,20,20,20,354.51409912109375
49061,10,6,2,17.5,17.5,17.5,17.5,354.7355041503906
49061,10,9,2,15,15,15,15,355.0138854980469
49061,10,16,2,20,10,20,10,355.7911071777344
49061,10,11,2,23.5,15,23.5,15,356.1913146972656
49061,10,10,2,20,15,20,15,356.8020935058594
49061,10,15,2,15,10,15,10,357.73541259765625
49061,10,17,2,15,6.5,15,6.5,357.9580993652344
49061,10,35,2,10,-1.5,10,-1.5,358.8577880859375
