subject,level,total_time,total_distance,start_time,level_order,rmi
46926,_level_7,123.2060546875,1425.0714539839,1041.406005859375,1,0.5116441270319111
46986,_level_9,261.17446517944336,2687.2773039919775,56.443729400634766,1,0.15970598614290799
46986,_level_8,225.18893432617188,1965.4023446271237,317.7226867675781,2,0.17236971617573926
46986,_level_5,197.56658935546875,2150.1527203749083,543.02752685546875,3,0.16229085279116617
46986,_level_10,261.8796386718749,2388.693766745515,740.6953735351564,4,0.25670176015045
46986,_level_4,248.93804931640614,2391.621526839643,1002.6909790039064,5,0.2903810681862119
46986,_level_7,165.6409912109375,1637.891634968475,1251.7449951171875,6,0.18414229730873166
46986,_level_6,119.5830078125,1199.332892641478,1417.4859619140625,7,0.23249965462241717
46986,_level_1,196.5849609375,1989.2198891747112,1537.18505859375,8,0.16185361232262252
46986,_level_2,134.2159423828125,1511.7425452559435,1733.873046875,9,0.2460639363482252
46986,_level_3,172.0550537109375,1964.6632568418297,1868.18994140625,10,0.24112157037794146
47192,_level_1,164.4317741394043,1863.0977480920371,55.88663101196289,1,0.3600073436585516
47192,_level_5,154.29840087890628,1759.1149923401556,220.43490600585935,2,0.34155997117207093
47192,_level_4,165.6813354492188,1913.7329670477889,374.8497924804687,3,0.24836107272950025
47192,_level_7,142.26513671875,1538.6148098330452,540.63128662109375,4,0.2608938138922188
47192,_level_10,149.5653076171875,1695.607967544275,683.0125732421875,5,0.3649625378771193
47192,_level_6,91.2822265625,1026.5300349594033,832.677978515625,6,0.26774609080707357
47192,_level_9,136.4315185546874,1553.492855862106,924.0604248046876,7,0.39412211123488516
47192,_level_8,112.615966796875,1215.2711305086245,1060.6080322265625,8,0.4845258677700517
47192,_level_2,98.5989990234375,1114.1892549935294,1173.323974609375,9,0.3461697164642724
47192,_level_3,147.4320068359375,1544.3092757809711,1272.0389404296875,10,0.389378515512804
47220,_level_7,207.94811248779297,2043.3163692178937,82.30680084228516,1,0.2447628089878029
47220,_level_4,273.5546569824219,2256.604195519118,290.3716125488281,2,0.22145100577153976
47220,_level_9,230.922119140625,2263.326267341108,564.026611328125,3,0.2792339076370638
47220,_level_3,200.80169677734375,2100.2917799106735,795.06500244140625,4,0.35214373707945346
47220,_level_1,213.9785156250001,2417.3231971031673,995.9835205078124,5,0.19616457670593057
47220,_level_6,147.35693359375,1294.830980362322,1210.06201171875,6,0.4861783735242322
47220,_level_5,175.2550048828125,1934.5778793822105,1357.5250244140625,7,0.2995040532371418
47220,_level_10,223.158935546875,2274.9963443614374,1532.8800048828125,8,0.370699953632446
47220,_level_2,171.72802734375,1639.1733332915865,1756.1739501953125,9,0.24344127796908188
47220,_level_8,135.659912109375,1365.9515652958955,1928.02001953125,10,0.26821187209050135
47601,_level_1,169.3000946044922,1941.233276196934,46.805999755859375,1,0.22121085179210032
47601,_level_8,119.53269958496097,1368.0997783348275,216.2223968505859,2,0.350605128073583
47601,_level_2,106.9342041015625,1194.006140126855,335.87109375,3,0.4486611116813197
47601,_level_4,185.0318603515626,2116.5102909461393,545.80511474609375,4,0.30604351030443555
47601,_level_7,146.08447265625,1670.3431522103706,730.9697265625,5,0.265748418080198
47601,_level_10,204.132080078125,2295.7380507730713,877.1708984375,6,0.27496149380923507
47601,_level_3,172.217041015625,1945.506229857833,1443.8189697265625,8,0.2710584834759009
47835,_level_8,98.88297271728516,1115.9265633454763,44.89752960205078,1,0.43750087765852896
47835,_level_3,148.6827850341797,1637.6082853002572,143.89720153808594,2,0.4387592909206012
47835,_level_9,152.65060424804688,1676.7982206160427,292.69549560546875,3,0.4038443410633976
47835,_level_2,118.46643066406256,1265.2250538190535,445.4625854492187,4,0.476243632757714
47835,_level_10,137.94970703125,1503.0696031248137,564.04571533203125,5,0.5979184288696047
47835,_level_5,106.816650390625,1161.5695913239067,702.111572265625,6,0.5153546340886377
47835,_level_1,142.18304443359364,1554.0692925765939,1004.2940063476564,7,0.5684527681359811
48109,_level_5,144.09910202026364,1644.244774683627,58.7776985168457,1,0.35202223267903376
48109,_level_6,93.899017333984375,1000.1005253590546,202.9866943359375,2,0.3780143943211399
48109,_level_10,159.37210083007813,1832.2036501614386,296.9956970214844,3,0.33537098889739947
48109,_level_4,162.75277709960938,1874.5067380207906,456.4778137207031,4,0.4032317846590421
48109,_level_7,130.95855712890625,1426.1009869943355,619.33062744140625,5,0.4124344718906734
48109,_level_1,145.12908935546864,1646.1646298789074,750.389404296875,6,0.38892470449485916
48109,_level_3,143.55853271484375,1641.664921744546,895.62847900390625,7,0.3901972034204634
48109,_level_8,116.553955078125,1330.63171626015,1039.2969970703125,8,0.5206451557322582
48109,_level_2,103.6209716796875,1172.9729637310245,1155.9610595703125,9,0.3630325906700236
48109,_level_9,165.363037109375,1899.9946949956354,1259.6820068359375,10,0.5110314392572818
48122,_level_2,171.1833038330078,1892.97851963448,59.51499938964844,1,0.24518413709634768
48122,_level_3,185.20149230957028,2077.3842559929685,230.7985992431641,2,0.24713944229260332
48122,_level_9,179.49829101562506,2008.8642586156109,416.1163940429687,3,0.36792109482758384
48122,_level_5,195.36749267578125,2252.3168060432367,595.715087890625,4,0.5158874194269509
48122,_level_6,144.7840576171876,1601.7849129523656,791.19842529296875,5,0.2258632589576115
48122,_level_4,211.1840820312499,2362.552864205698,936.0828857421876,6,0.4202204527195803
48122,_level_8,140.0169677734375,1590.2480302447702,1147.384033203125,7,0.44917302025151473
48122,_level_1,226.9000244140625,2485.3779374945625,1460.2679443359375,8,0.3526930933223046
48122,_level_10,210.76708984375,2435.677429362028,1687.2679443359375,9,0.3238778561531477
48262,_level_10,287.0429801940918,3253.81059400671,62.3503303527832,1,0.33512343682904033
48262,_level_1,186.85711669921875,2119.3108254693234,349.602294921875,2,0.338597022687684
48262,_level_2,94.73309326171875,1078.5791449362205,536.559326171875,3,0.8432632145906146
48262,_level_3,250.3330078125,2912.6156510613064,631.39227294921875,4,0.7674337388780255
48262,_level_6,103.16595458984386,1112.3367989999879,881.8253173828125,5,0.27795897851802065
48262,_level_5,170.11572265625,1944.3731062814636,985.09130859375,6,0.3620871277651798
48262,_level_8,139.134033203125,1559.9241526957992,1155.3070068359375,7,0.38283555520995294
48262,_level_4,239.949951171875,2553.1380965374033,1294.5570068359375,8,0.4173748851956931
48262,_level_7,181.282958984375,1893.3136081896641,1534.623046875,9,0.3689654063855943
48262,_level_9,329.3489990234375,3667.1958761759747,1716.0059814453125,10,0.7611446226057585
48464,_level_6,112.64467239379883,1089.1997471929144,51.05723190307617,1,0.35610505760688693
48464,_level_1,192.8675994873047,1371.3789759816977,163.8314971923828,2,0.4118755692905166
48464,_level_8,135.79641723632813,954.2981095030027,356.7991943359375,3,0.4153311298835952
48464,_level_4,163.70791625976563,1142.3861855559103,492.7243957519531,4,0.6287258322717767
48464,_level_10,204.03759765625,1446.8114512773118,656.53271484375,5,0.30473652175189003
48464,_level_5,197.97607421875,1421.2788177149287,860.698974609375,6,0.3309990209282069
48464,_level_2,129.9710693359375,911.4918138947617,1058.8089599609375,7,0.5159140302594742
48464,_level_7,161.1719970703125,1104.7879033941451,1188.9129638671875,8,0.6320116538959615
48464,_level_3,161.5830078125,1099.2781303606923,1350.2139892578125,9,0.651425200917342
48464,_level_9,157.884033203125,1113.3963476966585,1511.926025390625,10,0.4975799969824417
48480,_level_2,181.7029685974121,1189.6476723567755,49.70132827758789,1,0.2211436048618206
48480,_level_6,169.90599060058594,1134.4852945152743,231.5363006591797,2,0.2568988619921506
48480,_level_1,281.6070251464844,1810.116557048247,401.5752868652344,3,0.40395821764756634
48480,_level_5,262.4739990234375,1719.9996661815842,683.28228759765625,4,0.32599824616533524
48480,_level_7,286.8397216796874,1513.488770470386,945.8563232421876,5,0.32994469752694167
48480,_level_3,294.5079345703125,1565.8059389452992,1544.904052734375,6,0.49356070518680795
48480,_level_8,194.405029296875,1199.7952021479546,1839.5439453125,7,0.32975172069260106
48480,_level_4,315.7410888671875,1799.8163348407022,2034.0489501953125,8,0.3444889644667186
48484,_level_5,153.43497085571292,1766.8192278250567,46.21892929077149,1,0.26794605262331106
48484,_level_8,122.35269165039063,1396.6349875830674,199.76910400390625,2,0.38955480969586953
48484,_level_10,167.31982421875,1931.3991198426402,322.2367858886719,3,0.447830552826489
48484,_level_4,160.93511962890625,1855.2241175557856,489.67230224609375,4,0.355435098031466
48484,_level_6,100.86749267578125,1143.0637590288977,650.72412109375,5,0.3519574699267287
48484,_level_3,141.63446044921875,1574.1970790833577,751.6920166015625,6,0.4587828040169858
48484,_level_7,121.08410644531239,1324.3637069801746,893.44287109375,7,0.3188916068428276
48484,_level_9,145.18499755859364,1666.3867054564384,1014.6279907226564,8,0.3727409415155015
48484,_level_1,158.6519775390625,1770.3207041782987,1159.927978515625,9,0.28472304300093376
48484,_level_2,110.2169189453125,1258.8452482847922,1318.697021484375,10,0.40303474705916487
48486,_level_1,171.1659088134766,1966.8446734351942,44.2156982421875,1,0.24991147394455604
48486,_level_8,132.04859924316406,1506.442336726499,215.49769592285156,2,0.3342815864439005
48486,_level_2,118.43148803710938,1351.0204481773637,347.6636047363281,3,0.3094154122682591
48486,_level_5,169.48248291015625,1885.0721840721792,466.2119140625,4,0.2932519768436077
48486,_level_7,145.3800048828125,1672.4514282158482,635.8125,5,0.43283100419524934
48486,_level_9,162.53179931640636,1868.2418509091285,781.3095092773436,6,0.15572525816600213
48486,_level_10,176.5985107421875,2027.8089026146524,943.95751953125,7,0.16503960393208472
48486,_level_3,163.364990234375,1885.7825238035598,1120.656005859375,8,0.2188221373740996
48486,_level_4,178.0570068359375,1933.804902478761,1284.136962890625,9,0.34203693316106
48486,_level_6,109.1160888671875,1234.9068278715731,1462.2939453125,10,0.3045896851101645
48487,_level_2,139.59896850585938,1482.107281162417,59.24433898925781,1,0.3229299953478503
48487,_level_3,201.8610076904297,2091.3864439443187,198.95030212402344,2,0.3837865240992496
48487,_level_4,212.3480224609375,2270.3764588716404,400.92529296875,3,0.29370672257939834
48487,_level_5,187.49212646484375,2007.0730194214127,613.38128662109375,4,0.2744076146276022
48487,_level_10,195.6739501953125,2053.4142882047518,800.9813232421875,5,0.2772121494444103
48487,_level_8,132.63372802734375,1407.3559689138294,996.75531005859375,6,0.33505579883857806
48487,_level_1,189.718017578125,2039.114746339235,1129.489990234375,7,0.25156623879257234
48487,_level_9,168.3289794921875,1837.9340179706112,1319.321044921875,8,0.31544393165904205
48487,_level_7,179.5029296875,1832.1197683476944,1487.7640380859375,9,0.4445237971506
48487,_level_6,120.054931640625,1232.6849759563586,1667.3740234375,10,0.3525667120111261
48488,_level_7,198.93267059326172,1364.0392071257584,48.75572967529297,1,0.3852173922892722
48488,_level_8,187.33161926269534,1466.3331450055489,247.82179260253903,2,0.23098817328033738
48488,_level_4,188.59982299804688,2122.311295626044,435.2539978027344,3,0.26921315930119705
48488,_level_10,193.83270263671875,2097.7017188341815,623.97021484375,4,0.26042974698667654
48488,_level_1,196.5826416015626,2150.9738144482376,817.91937255859375,5,0.2804846034935371
48488,_level_3,175.9329833984374,1951.3919241610845,1014.6190185546876,6,0.2925107344573358
48488,_level_9,185.198974609375,1989.7878901587924,1190.66796875,7,0.24688663713364933
48488,_level_5,205.033935546875,2236.384185841065,1516.9320068359375,8,0.18016193049202633
48488,_level_6,151.5670166015625,1590.5473158357586,1722.08203125,9,0.285917647692554
48490,_level_5,173.56666946411133,1894.3766989617889,60.97903060913086,1,0.19445101002320908
48490,_level_1,171.6834869384765,1949.444138035767,234.6623992919922,2,0.1975227048071877
48490,_level_6,96.13488769531244,1079.0240210240875,406.46099853515625,3,0.32518326875278714
48490,_level_10,175.26657104492188,1991.843700493017,502.7120056152344,4,0.28592490755113786
48490,_level_4,186.650146484375,2053.691626425305,678.094970703125,5,0.2594510266432284
48490,_level_2,122.82696533203125,1377.9826111992272,864.901123046875,6,0.216980877107404
48490,_level_3,168.58258056640625,1819.4962972864885,987.82843017578125,7,0.35068285110027064
48490,_level_9,144.9169921875,1647.009294184543,1156.5279541015625,8,0.35004487278208707
48490,_level_7,147.700927734375,1682.2752008702441,1301.56005859375,9,0.4002463842187761
48490,_level_8,122.6829833984375,1382.052069828164,1449.3780517578125,10,0.34857354669638685
48494,_level_4,171.78730010986328,1904.017975495133,45.14910125732422,1,0.39600037988307546
48494,_level_8,117.78488159179688,1345.3815234043846,217.05230712890625,2,0.6635370757460439
48494,_level_5,153.43502807617188,1750.8174476540478,334.9383850097656,3,0.304489909789586
48494,_level_2,92.0836181640625,1046.3692254451048,488.47369384765625,4,0.6143903006460949
48494,_level_1,158.03668212890625,1773.7947471879354,580.67388916015625,5,0.37178547868839484
48494,_level_10,224.88616943359364,1913.5798940620266,738.8106079101564,6,0.36858138240356797
48494,_level_3,143.9349365234376,1647.073915751493,963.8131103515624,7,0.5050258892160655
48494,_level_7,115.885009765625,1324.5269571754268,1107.864990234375,8,0.7360375966138977
48494,_level_9,136.0850830078125,1536.90501667417,1223.866943359375,9,0.25878769744969454
48494,_level_6,76.6510009765625,862.9669324039227,1360.0679931640625,10,0.8408937785615256
48495,_level_8,135.51559448242188,1540.760655644333,448.6299133300781,1,0.3284566738521586
48495,_level_2,135.2655029296875,1460.2450796653727,584.2620849609375,2,0.17363594059529974
48495,_level_7,156.6640625,1699.5258037447334,1259.85595703125,3,0.22533691768891662
48496,_level_6,105.20659255981445,1178.2541710768492,52.04800033569336,1,0.2433790167515404
48496,_level_7,135.6566162109375,1496.5464307763382,157.35589599609375,2,0.27554713298618316
48496,_level_8,127.9572143554687,1465.8550579471887,293.12109375,3,0.37421133934921813
48496,_level_1,168.599609375,1946.1273500670734,421.18560791015625,4,0.23770180924663564
48496,_level_5,149.49755859375,1713.376254301787,589.88592529296875,5,0.25051421594521317
48496,_level_9,164.84014892578114,1830.9969734614513,739.49102783203125,6,0.38818485897074473
48496,_level_2,120.05743408203114,1273.0392962112408,904.4395141601564,7,0.31311707563001334
48496,_level_4,173.3900146484375,2004.1704586187168,1024.60498046875,8,0.36909760602259434
48496,_level_3,186.2900390625,1550.8353746796827,1198.094970703125,9,0.4111773366824225
48496,_level_10,162.5770263671875,1875.0918914448594,1384.489990234375,10,0.333758987897134
48497,_level_5,151.10966873168945,1708.953123203508,50.99042892456055,1,0.22897689457661385
48497,_level_9,205.63279724121094,2313.0090192463063,202.2165985107422,2,0.35919027882884014
48497,_level_8,145.51687622070313,1596.417144963781,407.9660949707031,3,0.33378007862290826
48497,_level_2,103.7669677734375,1157.5456159857038,553.59930419921875,4,0.581983002256828
48497,_level_4,178.90008544921875,2023.552795038861,789.982421875,5,0.2628041136781828
48497,_level_6,117.06646728515614,1224.1914292117117,968.9824829101564,6,0.4393965310992285
48497,_level_10,159.365966796875,1802.139774077072,1086.166015625,7,0.361729230112376
48497,_level_3,153.60302734375,1590.2246815591634,1245.6319580078125,8,0.3516581099181594
48497,_level_1,142.449951171875,1621.1956103242976,1399.3470458984375,9,0.3910481052086888
48498,_level_10,195.90160369873047,2251.2487687721755,57.01129913330078,1,0.27066874652975326
48498,_level_2,129.5001983642578,1470.3290549899482,253.0131072998047,2,0.15913073785108411
48498,_level_3,169.13583374023438,1887.1522367505834,382.6167907714844,3,0.2502250557327068
48498,_level_4,180.39544677734375,2041.1734418050246,551.86932373046875,4,0.24996150175908005
48498,_level_8,134.68475341796875,1490.6115699625639,732.36492919921875,5,0.28675904151452003
48498,_level_1,187.302001953125,2033.8654498591247,867.166015625,6,0.20172425678643402
48498,_level_6,110.4840087890625,1224.4107995586423,1054.5849609375,7,0.19993029230018278
48498,_level_5,168.617919921875,1865.1626595269545,1165.18603515625,8,0.23747623829391884
48498,_level_9,178.097900390625,1913.1918262705901,1333.9200439453125,9,0.3001519006121851
48498,_level_7,150.698974609375,1578.5299848782352,1512.134033203125,10,0.2643767668673861
48501,_level_3,151.92570114135742,1749.6001056548234,53.39799880981445,1,0.43117504848289945
48501,_level_9,154.96388244628906,1784.6786417695835,205.43980407714844,2,0.4215889561784608
48501,_level_6,105.548095703125,1145.9709947716037,360.5046081542969,3,0.3536181971951524
48501,_level_1,165.52801513671875,1921.0438350764318,466.168212890625,4,0.4264306283856245
48501,_level_2,101.28173828125,1147.8130522311951,631.8134765625,5,0.4696720683893507
48501,_level_7,132.52239990234375,1517.2874403518817,733.1956787109375,6,0.33952210021498985
48501,_level_8,110.16278076171875,1253.5723898878632,865.83349609375,7,0.6757663336049924
48501,_level_4,160.397216796875,1853.4599400763527,976.11279296875,8,0.4034355821508401
48501,_level_10,157.06396484375,1751.4528759751279,1136.625,9,0.28310583951865387
48501,_level_5,138.0029296875,1560.9872953837162,1293.7900390625,10,0.3837545884024891
48504,_level_4,195.5827751159668,2224.631850033913,46.78023147583008,1,0.28245197966311575
48504,_level_6,112.28279113769531,1262.8612761839306,242.47959899902344,2,0.15535417227641846
48504,_level_8,138.94851684570313,1567.7472700974722,354.86279296875,3,0.3559380856099703
48504,_level_7,132.14999389648438,1508.1239799681407,493.9269104003906,4,0.3099819556919048
48504,_level_5,165.597900390625,1900.0069682859876,626.19342041015625,5,0.23717923662363105
48504,_level_1,175.96527099609386,2019.4981564747266,791.8922119140625,6,0.322372025343616
48504,_level_2,113.73291015625,1283.8668288323906,967.97412109375,7,0.2717454706581951
48504,_level_9,157.5159912109375,1751.7710500091307,1081.822998046875,8,0.26787512261363866
48504,_level_3,161.748046875,1843.8461449817833,1239.4549560546875,9,0.3596713605614186
48508,_level_4,276.06878662109375,2815.88687192643,76.711700439453125,1,0.2089182259674658
48508,_level_10,255.62081909179688,2885.8988914490596,352.8807067871094,2,0.2086357217685153
48508,_level_2,153.37506103515625,1696.9266890427357,608.61712646484375,3,0.2279389656505213
48508,_level_5,195.9895019531251,2207.88047050339,762.10821533203125,4,0.2658280444422183
48508,_level_9,263.6358642578125,2741.20217074447,958.214111328125,5,0.3092274726325055
48508,_level_7,181.489013671875,1811.3803743305277,1221.949951171875,6,0.2400601524935051
48508,_level_6,245.785888671875,1343.5149645188148,1403.5550537109375,7,0.24724644141436547
48508,_level_8,146.5579833984375,1536.615241443597,1649.4580078125,8,0.2744503082121783
48508,_level_1,213.7349853515625,2355.675053378805,1796.135986328125,9,0.21656832813736404
48508,_level_3,192.0899658203125,2080.0375090545704,2009.9720458984375,10,0.19987638814924913
48511,_level_4,333.3651657104492,2403.8772590166686,70.9278335571289,1,0.5298432672708979
48511,_level_2,169.58251953125,1743.3831037579132,404.40960693359375,2,0.8333673903615588
48511,_level_8,213.531494140625,1936.504032549742,574.1085205078125,3,0.5402680178438366
48511,_level_1,212.34808349609364,2228.6820724553454,787.74090576171875,4,0.9024538005674958
48511,_level_5,220.54803466796875,2125.996510947987,1000.2069702148438,5,0.8195663421987489
48511,_level_3,193.882080078125,2083.347955763638,1220.8719482421875,6,0.9580525403288449
48511,_level_10,276.8150634765625,2288.682006129069,1414.8709716796875,7,0.7527540006373074
48511,_level_6,141.583984375,1490.5985037621897,1691.802001953125,8,0.8732108415934337
48511,_level_9,302.7490234375,1940.717549257555,1839.635009765625,9,0.6409530774772885
48511,_level_7,221.615966796875,2277.552310393195,2142.5,10,0.8722289178833837
48527,_level_3,177.2269744873047,2042.532598262605,49.92433166503906,1,0.4600414201888572
48527,_level_2,88.60801696777347,1003.0536079521057,227.25929260253903,2,0.7578400862536433
48527,_level_6,81.883026123046875,923.2036704245531,315.96728515625,3,0.7419447418984684
48527,_level_9,157.0050048828125,1798.0482823438902,397.9613037109375,4,0.6973380043093007
48527,_level_5,195.7659912109375,2270.8477249549014,555.0662841796875,5,0.5855981995797341
48527,_level_10,177.5728759765626,1980.2997954718642,750.95941162109375,6,0.5222060687473272
48527,_level_4,185.5887451171875,2055.8482643561456,928.63427734375,7,0.541832076365101
48527,_level_7,136.39306640625,1563.5695832043427,1114.3289794921875,8,0.6986130824863375
48527,_level_1,219.5169677734375,2492.6040373000833,1250.822021484375,9,0.4943312890432332
48532,_level_9,151.0565185546876,1676.198008971583,921.5684814453124,1,0.34828118984790346
48532,_level_10,195.22900390625,1644.6000919710589,1206.4150390625,2,0.49008012133926493
48532,_level_1,154.291015625,1641.3488548346006,1401.7440185546875,3,0.37837022161890643
48538,_level_1,209.5996856689453,2236.0886549032107,61.43772888183594,1,0.2129861084982445
48538,_level_8,172.60260009765625,1875.8108317267586,271.2680969238281,2,0.24285630786656087
48538,_level_7,172.04263305664063,1937.9934234588386,443.9779968261719,3,0.22533657928012052
48538,_level_2,174.9833984375,1775.1146651208505,616.1287841796875,4,0.22437009930831575
48538,_level_5,192.51654052734375,2164.6252931938106,791.22027587890625,5,0.1769385511129491
48538,_level_10,218.3909912109375,2318.9195345535913,983.844970703125,6,0.3252826505883324
48538,_level_3,189.3489990234375,2140.4999538949455,1202.3370361328125,7,0.14316134184501017
48538,_level_6,100.4830322265625,1109.2741265597033,1391.7860107421875,8,0.3399272494599451
48538,_level_9,191.1920166015625,2150.180592253924,1492.3690185546875,9,0.2856418619203225
48538,_level_4,227.623046875,2002.1819907204103,1683.6689453125,10,0.23711854855931747
48540,_level_5,159.94986724853518,1821.2963494612213,68.36663055419922,1,0.1965888715480456
48540,_level_9,205.5500946044922,2255.2982275011973,228.4322967529297,2,0.27394823941337654
48540,_level_6,96.2999267578125,1088.079301601993,434.0823974609375,3,0.3879743988984954
48540,_level_1,184.81634521484375,2111.4136533272363,530.498779296875,4,0.22595734627717756
48540,_level_10,225.76629638671886,2622.3757175658434,715.41522216796875,5,0.2791720771702606
48540,_level_7,128.08209228515614,1424.6521020532655,941.2979125976564,6,0.30574705419005954
48540,_level_3,156.7830810546875,1785.1407901991313,1069.48095703125,7,0.3510357812852549
48540,_level_2,112.8499755859375,1276.284991268904,1226.3800048828125,8,0.4578681987670008
48540,_level_4,186.5,2153.8183347004815,1339.3299560546875,9,0.26313522151595836
48540,_level_8,117.6329345703125,1323.9098774908878,1525.9300537109375,10,0.6149534188712147
48543,_level_3,164.76066970825198,1806.6364939950788,56.87083053588867,1,0.30911271232662996
48543,_level_2,102.39990234374997,1096.798630410779,221.73159790039065,2,0.3787535923789229
48543,_level_9,130.53341674804688,1477.686106211482,324.2478942871094,3,0.424166586826191
48543,_level_5,155.61669921875,1739.1534567132542,657.480712890625,5,0.2571846340225058
48543,_level_4,151.70074462890625,1711.1173120976084,813.21307373046875,6,0.32454622515982035
48543,_level_1,79.050048828125,883.8505550504424,965.013916015625,7,0.19302443475075304
48545,_level_7,167.56677246093753,1763.6134803851444,77.93663024902344,1,0.22154698902882575
48545,_level_8,148.3504180908203,1659.9434429107357,245.60389709472656,2,0.4196526923659418
48545,_level_9,250.05050659179688,2796.01307697779,394.0544128417969,3,0.39253805093462346
48545,_level_6,89.30041503906239,996.6180133254782,644.22100830078125,4,0.5561395915876848
48545,_level_1,206.16595458984386,2300.2269698418877,733.63812255859375,5,0.1839441525777581
48545,_level_5,181.7169189453125,2005.8063957890997,939.905029296875,6,0.1879057980002603
48545,_level_2,121.5169677734375,1350.731656410074,1370.43798828125,7,0.6032312906786077
48545,_level_3,194.4010009765625,2074.18507423395,1492.0560302734375,8,0.41824212591153165
48545,_level_4,197.75,2238.9033682966456,1686.572998046875,9,0.30377716567041824
48550,_level_6,108.2991714477539,1222.7621971395222,41.052528381347656,1,0.3584184636763712
48550,_level_1,141.5911102294922,1626.9135128421335,149.45179748535156,2,0.41309387730978886
48550,_level_7,145.79092407226563,1644.1985880371326,440.1253967285156,3,0.451942825824846
48550,_level_2,89.4996337890625,1013.6966207433891,586.02447509765625,4,0.7601820570281046
48550,_level_5,152.1988525390625,1677.7313526583696,675.63232421875,5,0.34654378358662485
48550,_level_9,141.72454833984386,1565.6498336809875,827.9395751953125,6,0.37658513164284657
48550,_level_8,101.63311767578125,1156.7976383342802,969.77191162109375,7,0.6923732378398872
48550,_level_3,143.2330322265625,1613.6600255880617,1071.5050048828125,8,0.4596587851411512
48550,_level_10,144.009033203125,1613.0062202576023,1214.845947265625,9,0.37344087721745767
48565,_level_9,172.8499641418457,1977.6138388947156,43.37533187866211,1,0.2836644234121908
48565,_level_7,150.40000915527344,1728.7862997799627,216.32530212402344,2,0.35860115058679576
48565,_level_8,118.300048828125,1355.4533126756517,530.72528076171875,3,0.40771352098283065
48565,_level_6,108.4830322265625,1165.7939585650852,845.22528076171875,4,0.3261401038074021
48565,_level_10,191.44976806640625,2222.267381550406,953.80828857421875,5,0.3365120334426155
48565,_level_4,206.69091796875,2141.8467469201064,1145.3580322265625,6,0.3131950228095388
48565,_level_5,180.782958984375,2030.55991957802,1352.1490478515625,7,0.22507620187879795
48572,_level_2,99.86777114868164,1130.187129687765,49.61323165893555,1,0.6501605687568112
48572,_level_9,155.5684814453125,1780.1125233596738,284.1990051269531,2,0.3037778262263766
48572,_level_4,164.3856201171875,1894.768285859017,439.88330078125,3,0.545735402056549
48572,_level_10,163.8074951171875,1868.3286737999142,604.63458251953125,4,0.2956184549793589
48572,_level_8,97.13409423828125,1103.9848947536964,768.54217529296875,5,0.3500456059485413
48572,_level_5,158.0858154296876,1814.1555868307698,865.79217529296875,6,0.34314491863915997
48572,_level_1,194.3680419921874,2104.875979403899,1023.9940185546876,7,0.2194397661387466
48572,_level_6,91.533935546875,1018.5948497000834,1218.47802734375,8,0.41335118685268624
48572,_level_3,154.7679443359375,1753.9105330978632,1310.1290283203125,9,0.2252724807113684
48574,_level_10,199.89700317382813,2253.6539077489765,384.0719909667969,1,0.29321845160322013
48578,_level_5,145.44529724121094,1639.023999669077,52.32659912109375,1,0.16308077834915535
48578,_level_1,145.9806823730469,1662.6418578647704,197.88900756835935,2,0.33386678080830845
48578,_level_10,153.680908203125,1717.8185830359675,343.9866943359375,3,0.5605517058242654
48578,_level_3,170.24468994140625,1879.1922365330865,497.7843017578125,4,0.4036700995980197
48578,_level_9,154.7298583984375,1769.6924782221556,668.1456298828125,5,0.405890488916794
48578,_level_8,107.86981201171875,1215.156589694942,822.99200439453125,6,0.5359922389253722
48578,_level_7,183.69061279296875,1955.312828914246,930.96441650390625,7,0.1579228193424036
48578,_level_2,121.93505859375,1322.537844338372,1114.77099609375,8,0.2529582821438564
48578,_level_4,285.7130126953125,2709.256659986759,1236.822998046875,9,0.5124341322543225
48578,_level_6,99.6380615234375,1085.1945252187045,1522.6529541015625,10,0.36869270452547775
48580,_level_5,144.57549285888672,1653.7947764873209,81.08930206298828,1,0.2901157062607984
48580,_level_7,113.36680603027344,1283.3723353526257,225.76890563964844,2,0.31339277559009093
48580,_level_3,128.568603515625,1468.6998731968065,339.2395935058594,3,0.3311954046539485
48580,_level_6,77.77008056640625,864.8531365445767,467.912109375,4,0.6302047341579391
48580,_level_8,103.82550048828125,1122.1144977784775,545.786376953125,5,0.809018705628101
48580,_level_10,152.37371826171875,1713.104617006949,649.7156982421875,6,0.4383349754928879
48580,_level_4,150.4844970703125,1651.5571218148516,802.1934814453125,7,0.47766431797565123
48580,_level_9,138.66558837890625,1460.0824841457895,952.78240966796875,8,0.5405428044737927
48580,_level_1,150.8590087890625,1637.5283583455323,1091.551025390625,9,0.4151682254780644
48580,_level_2,91.7569580078125,1035.400273194152,1242.5140380859375,10,0.7396130607739008
48581,_level_1,166.20699310302734,1921.0410083369504,64.24610137939453,1,0.29912197804268015
48581,_level_3,158.17420959472656,1829.1760049530146,230.5695037841797,2,0.3111692039465477
48581,_level_5,158.0225830078125,1827.2551386851299,388.86029052734375,3,0.4123365835094932
48581,_level_8,127.6259765625,1455.7114880035751,546.9840087890625,4,0.3959310286608476
48581,_level_7,130.6103515625,1444.2582089145333,674.72607421875,5,0.456361408991373
48581,_level_9,139.92364501953125,1592.1932258152951,805.4365844726564,6,0.5864770865132602
48581,_level_4,153.69049072265625,1772.8396487634043,945.46051025390625,7,0.5565194433601767
48581,_level_2,122.4110107421875,1350.9530587513561,1099.2679443359375,8,0.39483871877703747
48581,_level_6,124.259033203125,1307.6220162577874,1221.7939453125,9,0.45554412385138243
48581,_level_10,155.841064453125,1793.9908542102528,1346.1529541015625,10,0.5606449151981234
48588,_level_1,177.40027618408203,2011.1571590227416,50.14643096923828,1,0.3531589145296221
48588,_level_4,154.2340087890625,1778.3093175695117,1040.14697265625,2,0.6908716313592402
48588,_level_8,106.8660888671875,1206.5467938035006,1194.4969482421875,3,0.550591895715765
48588,_level_9,158.1170654296875,1829.879601816292,1301.4639892578125,4,0.6931475772134112
48593,_level_6,100.21499252319336,1121.624517393502,54.55730056762695,1,0.34696311339142816
48593,_level_9,192.36331176757813,2210.2116309901194,154.88870239257813,2,0.2551570535040637
48593,_level_8,116.76507568359375,1332.53656586655,347.3680114746094,3,0.49563823877464064
48593,_level_10,177.72943115234375,2044.64912486988,464.25048828125,4,0.32593355561330006
48593,_level_2,111.0145263671875,1265.7027472872787,642.08038330078125,5,0.4599840140857664
48593,_level_5,176.76409912109375,2034.5509953381754,753.211181640625,6,0.24336236972667924
48593,_level_3,148.0806884765625,1649.6822409440508,930.09130859375,7,0.7272563473737773
48593,_level_7,152.7139892578125,1701.8834346632743,1078.27197265625,8,0.48933391666962545
48593,_level_4,175.9730224609375,2021.5814081575713,1231.093017578125,9,0.31614590695968614
48595,_level_5,149.96010208129883,1732.8087382713938,62.50230026245117,1,0.27724729907088363
48595,_level_7,130.4401092529297,1503.4803295472389,212.56629943847656,2,0.3881936846640671
48595,_level_3,139.17422485351563,1575.3327391306839,343.10888671875,3,0.5080147363210025
48595,_level_1,145.70980834960938,1681.7021969220884,482.3835144042969,4,0.4664773830444606
48595,_level_8,112.47784423828125,1158.3794216111537,628.2100830078125,5,0.7894462141760688
48595,_level_2,87.24621582031239,991.402846666608,740.80450439453125,6,0.8375712011320112
48595,_level_9,186.174560546875,2115.885302070701,828.16741943359375,7,0.534841820400258
48595,_level_6,76.9139404296875,857.4507312157957,1014.4580078125,8,0.6025767581305802
48595,_level_10,140.472900390625,1550.4088882514798,1091.4930419921875,9,0.5509747948287442
48595,_level_4,136.677001953125,1571.0640640585736,1232.08203125,10,0.5850839661563012
48598,_level_7,149.65716552734375,1725.6679541971573,46.670928955078125,1,0.25394641548164754
48598,_level_8,116.35029602050778,1329.9062989528286,196.4441070556641,2,0.4223562605898685
48598,_level_10,167.24990844726563,1933.1353774233205,312.91070556640625,3,0.25497854439012446
48598,_level_5,154.63333129882813,1788.4362589721486,480.2771911621094,4,0.2561324166291926
48598,_level_2,123.8670654296875,1418.566361857063,635.026123046875,5,0.22300287932091845
48598,_level_9,158.43304443359364,1823.705140816844,758.9932250976564,6,0.3226510674838119
48598,_level_1,159.5173339843751,1832.0931064982126,917.5416259765624,7,0.2935626168085551
48598,_level_6,113.9659423828125,1298.189487108236,1077.1590576171875,8,0.19591255524019124
48598,_level_4,163.7830810546875,1886.851945213271,1191.2249755859375,9,0.3015070086815228
48598,_level_3,165.383056640625,1902.4672480245174,1355.125,10,0.2474210965157433
48601,_level_4,234.90098571777344,2568.4730276396467,62.84632873535156,1,0.16293058445477326
48601,_level_3,207.0159912109375,2279.0706507071422,297.8623046875,2,0.187603876178438
48601,_level_8,156.3989868164063,1687.7081356256265,504.9953002929687,3,0.2685187615138105
48601,_level_10,206.89898681640625,2272.9268105084275,661.49432373046875,4,0.3765774671685873
48601,_level_7,174.03173828125,1928.542085647097,868.4932861328125,5,0.17914501892582058
48601,_level_1,211.3990478515625,2281.134505371458,1042.625,6,0.20405885609967755
48601,_level_6,119.3330078125,1364.8203196774373,1254.1240234375,7,0.3218107797510542
48601,_level_9,234.781982421875,2546.085991227544,1373.5570068359375,8,0.19097916828258032
48601,_level_2,151.2320556640625,1592.9992587447757,1608.43896484375,9,0.17261858628821503
48601,_level_5,191.3990478515625,2141.1299066576103,1759.77099609375,10,0.16130589761206027
48604,_level_10,153.85427856445313,1776.9502270713333,47.135528564453125,1,0.3303387713968132
48604,_level_2,105.76969909667969,1190.4285650189515,201.10609436035156,2,0.4179784104201192
48604,_level_7,125.53759765625,1429.029405633709,306.9912109375,3,0.4068520034669182
48604,_level_4,173.72103881835938,1992.5619131945432,432.6449890136719,4,0.44550705141445834
48604,_level_5,142.9031982421875,1636.6568143508402,606.48272705078125,5,0.33736273332495204
48604,_level_1,145.81781005859375,1680.383180381619,749.55450439453125,6,0.395794505958878
48604,_level_3,147.71966552734364,1702.9441550463182,895.4893188476564,7,0.5995784489651803
48604,_level_8,100.3360595703125,1124.1479515369704,1043.324951171875,8,0.7597472426456153
48604,_level_9,133.469970703125,1471.2316865605267,1143.760986328125,9,0.5216041019979971
48604,_level_6,98.718994140625,1058.0672046207824,1277.3470458984375,10,0.4362304959061464
48607,_level_5,134.24899291992188,1544.1864049596115,154.51229858398438,1,0.3176493769361832
48607,_level_8,115.416015625,1303.2457394867765,288.8612976074219,2,0.3597440557997357
48607,_level_10,156.68313598632813,1757.021870827719,404.3772888183594,3,0.4082948430699348
48607,_level_9,149.7500000000001,1667.5738516970048,654.94342041015625,4,0.35685697591768917
48607,_level_1,149.2659912109374,1641.4501667401214,804.809326171875,5,0.2999004197167927
48608,_level_4,202.6990203857422,2317.815375398568,62.15766906738281,1,0.30556620515672717
48608,_level_8,114.61599731445313,1307.3864585744955,264.9566955566406,2,0.6433542297069703
48608,_level_3,154.27297973632813,1770.4037839953671,379.6726989746094,3,0.4560483918293019
48608,_level_9,175.10186767578125,2008.5004806823895,534.04571533203125,4,0.4958649085712814
48608,_level_6,90.98590087890625,1028.2767447069025,709.2476806640625,5,0.5613018384428068
48608,_level_10,174.98504638671886,2013.8889194003666,800.33367919921875,6,0.47552812337787154
48608,_level_1,165.1463623046876,1785.004731381481,975.4185791015624,7,0.26223687153092823
48608,_level_2,104.81103515625,1162.6275705194687,1140.6820068359375,8,0.7796398792422079
48608,_level_7,147.77001953125,1634.939759118479,1245.593017578125,9,0.3635724143583938
48608,_level_5,222.56103515625,1627.6577951526656,1393.47900390625,10,0.32806683045938323
48609,_level_3,170.08329772949222,1920.909854303194,62.93370056152344,1,0.2823339988288225
48609,_level_10,169.7531127929687,1939.3491709880432,233.14599609375,2,0.32139183797972737
48609,_level_9,179.20587158203125,1987.414522477056,403.0078125,3,0.2711090455769022
48609,_level_2,129.30828857421875,1467.9239025682732,582.31390380859375,4,0.3759580579866232
48609,_level_7,159.51904296875,1825.2791444182153,711.73797607421875,5,0.20404175267286573
48609,_level_6,124.14172363281239,1412.3736080873127,871.3574829101564,6,0.15631754405857057
48609,_level_1,208.6254882812499,2406.1799052256433,995.5994873046876,7,0.47166791856806667
48609,_level_8,181.1820068359375,2048.569362660384,1204.342041015625,8,0.24269641700022304
48609,_level_4,224.406005859375,2117.4867309909605,1385.6390380859375,9,0.2902044514941362
48615,_level_8,144.94657135009763,1648.3780622979436,63.23442840576172,1,0.23875521557796997
48615,_level_4,209.6007080078125,2392.2252081897404,208.281005859375,2,0.278515525258088
48615,_level_7,155.06838989257813,1768.9375480696376,417.9975891113281,3,0.18666239753998437
48615,_level_10,198.90020751953125,2260.3666537389313,573.182373046875,4,0.21678556097564328
48615,_level_1,191.21685791015614,2151.1388058914836,772.1834716796875,5,0.18668969050418194
48615,_level_6,126.30059814453125,1362.695314532902,963.50042724609375,6,0.21207613596272257
48615,_level_2,137.9830322265625,1526.8765569454558,1089.91796875,7,0.11419001478744395
48615,_level_3,184.0159912109375,2095.6369496957204,1228.001953125,8,0.19282256166098244
48615,_level_9,215.4840087890625,2314.072870867666,1412.1190185546875,9,0.2026901656407153
48615,_level_5,185.2340087890625,1935.3734662207746,1627.7030029296875,10,0.13941290819386798
48618,_level_8,96.83289337158203,1093.2424474059303,52.834999084472656,1,0.6423401627372658
48618,_level_9,127.6492919921875,1458.114160034313,149.78439331054688,2,0.3680768729513272
48618,_level_4,139.11611938476563,1603.5656753741146,277.55029296875,3,0.5533151347525035
48618,_level_2,102.18310546875,1161.3453014119495,416.78271484375,4,0.7306557504788518
48618,_level_6,78.36627197265625,825.2410832336892,519.08221435546875,5,0.788129920180659
48618,_level_7,117.04931640625,1283.2039483998828,597.56500244140625,6,0.6328399169085656
48618,_level_1,145.3325195312499,1525.3091948508093,714.73089599609375,7,0.4004713880828168
48618,_level_5,132.24920654296875,1488.773278280477,860.16357421875,8,0.5648149603007306
48618,_level_3,126.04949951171875,1448.6203741089523,992.52947998046875,9,0.6083379489427974
48623,_level_5,214.7400665283203,2210.0710350134077,55.77082824707031,1,0.0947033670440024
48623,_level_4,196.52200317382807,2120.757010933898,270.6275939941406,2,0.29023981308755387
48623,_level_1,201.92257690429688,2065.7513056449848,467.2496032714844,3,0.2170296595320732
48623,_level_9,162.3831787109375,1771.9660758870295,669.4935302734375,4,0.2944483503114672
48623,_level_6,108.18646240234364,1221.9813111626734,832.2100219726564,6,0.31940020470945196
48623,_level_7,164.2381591796876,1404.0457923515573,940.5128173828124,7,0.2782560808033785
48623,_level_10,170.52197265625,1725.152716170705,1104.8680419921875,8,0.27447582189758646
48623,_level_8,106.219970703125,1178.618917715317,1275.5059814453125,9,0.4040646068576882
48623,_level_2,139.0699462890625,1320.5199975418059,1381.843017578125,10,0.32034216307915364
48626,_level_7,172.25397491455078,1966.5077238385124,45.46833038330078,1,0.3817082063191336
48626,_level_6,102.51699829101563,1142.9565351511774,217.89129638671875,2,0.42627396209917645
48626,_level_5,174.27099609375,1950.069349019365,320.50830078125,3,0.1522273633099257
48626,_level_4,180.65402221679688,1946.200241659279,494.8793029785156,4,0.2238054068827091
48626,_level_8,89.868896484375,1015.8531057019364,675.6334228515625,5,0.6029023152673687
48626,_level_2,93.50189208984375,1057.420829981792,765.6024169921875,6,0.7126460569248407
48626,_level_10,149.35369873046886,1646.2688455933207,859.20428466796875,7,0.364048910455107
48626,_level_3,143.91802978515625,1661.7482609817887,1008.6599731445313,8,0.5362919279157964
48626,_level_9,118.5030517578125,1355.1371011033857,1152.677978515625,9,0.49348617035170594
48633,_level_8,112.18470001220703,1222.0311817914042,60.52629852294922,1,0.3612356332390596
48633,_level_4,160.0655059814453,1847.1533263372276,172.8267059326172,2,0.43019206110850094
48633,_level_7,119.1173095703125,1307.85479524993,332.9924011230469,3,0.4360778021378562
48633,_level_6,81.711517333984375,910.8544472644662,452.2149963378906,4,0.48727427148283553
48633,_level_9,139.316650390625,1593.4712773969634,534.04241943359375,5,0.34726540453994437
48633,_level_2,93.68359375,1058.8387885819943,673.4757080078125,6,0.6596943737824249
48633,_level_10,143.24945068359364,1568.818043531407,767.2764282226564,7,0.39673137834448136
48633,_level_1,146.56744384765636,1659.4609703739018,910.6425170898436,8,0.4271633956435905
48633,_level_3,127.866943359375,1468.1200413514634,1057.3260498046875,9,0.5098375692736408
48633,_level_5,135.4649658203125,1523.1754476241194,1185.2950439453125,10,0.4155849318214424
48648,_level_7,172.80278778076172,1605.4226512561738,84.00800323486328,1,0.23914387041703722
48648,_level_5,194.55319213867188,2060.024820358699,256.9117126464844,2,0.20250283828687388
48648,_level_2,146.3690185546875,1431.039346440056,451.63140869140625,3,0.15584127061706776
48648,_level_6,132.6878662109375,1240.9907208533727,598.11700439453125,4,0.23263743633006984
48648,_level_3,172.4193115234375,1951.9805372881615,828.7686767578125,5,0.23182662020955447
48648,_level_9,187.95306396484375,1964.562914983025,1001.3049926757813,6,0.3901634660091243
48648,_level_10,174.5029296875,2020.6633296098717,1189.3580322265625,7,0.34886115574037313
48648,_level_8,134.385986328125,1534.6535649399732,1364.094970703125,9,0.2618559092869215
48648,_level_1,182.052978515625,2111.8389017068243,1498.5810546875,10,0.43536748170769235
48683,_level_7,206.1589698791504,1903.723289016387,63.40932846069336,1,0.2694153300440988
48683,_level_8,191.24200439453125,1688.0770788484458,269.9162902832031,2,0.201019447459043
48683,_level_5,198.25811767578125,2052.1138533676526,461.25830078125,3,0.21879768021504364
48683,_level_10,220.758056640625,2416.4854016500185,659.61627197265625,4,0.23103836788015286
48683,_level_6,134.82171630859364,1250.9678647092107,880.47430419921875,5,0.2063139463864011
48683,_level_2,186.3070068359374,1673.0189483127638,1015.4119873046876,6,0.28229988396683203
48683,_level_4,283.1099853515625,1673.1035028641234,1201.8349609375,7,0.2048898152141969
48683,_level_1,260.2359619140625,1984.26232451965,1485.051025390625,8,0.3464198028145895
48683,_level_3,198.60302734375,1952.9469250636164,1745.3909912109375,9,0.22949688082355257
48683,_level_9,246.9530029296875,2238.259160751915,1944.0989990234375,10,0.2581069318879651
48705,_level_2,128.4710235595703,1432.7445554178298,84.017669677734375,1,0.30508786165696655
48705,_level_5,166.86300659179688,1896.642697090761,212.5906982421875,2,0.31815934869933105
48705,_level_9,192.16787719726563,2119.382168804584,379.5606994628906,3,0.34111492835396395
48705,_level_3,155.8699951171875,1765.8983763501924,571.83367919921875,4,0.2938296734784275
48705,_level_10,203.9310302734375,2236.730151274266,727.82269287109375,5,0.2991352471117612
48705,_level_6,98.2432861328125,1088.280936430689,931.855712890625,6,0.3697600605873368
48705,_level_1,174.822021484375,1975.965626261081,1030.2030029296875,7,0.2561359507108718
48705,_level_4,171.68798828125,1939.3059411349418,1205.1280517578125,8,0.17940204690101802
48705,_level_7,160.035888671875,1814.5151004415673,1376.9300537109375,9,0.31826161141545306
48705,_level_8,136.2540283203125,1522.9402267801752,1537.27197265625,10,0.3420512010347736
48708,_level_7,163.14349365234375,1810.3237990155576,50.22850036621094,1,0.24975632516174617
48708,_level_3,168.0303955078125,1887.5644301394448,213.48849487304688,2,0.27531765917804774
48708,_level_1,169.46286010742188,1848.9147296594556,381.6191101074219,3,0.36689935671477014
48708,_level_5,173.66363525390625,1927.3331642368541,551.181884765625,4,0.20842152653348478
48708,_level_6,94.84832763671875,1056.2578862005369,724.96209716796875,5,0.28641663848161647
48708,_level_4,218.1624755859375,2358.6532331949134,819.9105224609375,6,0.25005505360769087
48708,_level_8,132.5650634765625,1458.3388318428554,1038.1729736328125,7,0.3311371920474371
48708,_level_9,205.2459716796875,2191.0360880302887,1170.85400390625,8,0.31943524613099605
48708,_level_2,127.7469482421875,1462.7062883319732,1376.2010498046875,9,0.18945931192638654
48708,_level_10,212.4130859375,2455.009955762535,1504.0479736328125,10,0.27495033485503073
48710,_level_3,170.3800048828125,1976.214845330984,48.569000244140625,1,0.2225071171909705
48710,_level_9,203.51100158691406,2321.0660964286585,219.0500030517578,2,0.24238298068480923
48710,_level_1,176.04498291015625,2041.038933554164,422.6610107421875,3,0.2299065133744298
48710,_level_4,188.27593994140614,2172.3025894117027,598.8060302734375,4,0.3426093455971626
48710,_level_8,121.92999267578125,1390.4856495469369,787.1820068359375,5,0.36450989466132344
48710,_level_7,127.9449462890625,1463.4893847032818,909.22802734375,6,0.2544882706137801
48710,_level_5,162.0260009765625,1846.5607945681572,1037.2900390625,7,0.19484603635312725
48710,_level_10,213.4580078125,2425.429693464647,1199.416015625,8,0.22198619175650436
48710,_level_6,106.2950439453125,1174.2573607214956,1412.9739990234375,9,0.26934530409700963
48710,_level_2,116.1619873046875,1320.4761293708088,1519.3690185546875,10,0.22856663340165884
48717,_level_7,150.25689697265625,1716.90053918913,57.11579895019531,1,0.22915969402219694
48717,_level_5,165.85739135742196,1921.3679457692747,207.82260131835935,2,0.48410217572731395
48717,_level_1,182.87481689453125,2122.245286480071,373.7965087890625,3,0.21588931980351345
48717,_level_2,133.13897705078125,1524.4044861093141,556.78802490234375,4,0.3720112129884614
48717,_level_4,205.12591552734375,2360.271945173744,690.043701171875,5,0.346848464182812
48717,_level_3,169.29071044921875,1945.2656662169509,895.28631591796875,6,0.2235394550337071
48717,_level_6,110.52197265625,1241.1071252261909,1064.677001953125,7,0.1889208962302733
48717,_level_8,132.239013671875,1454.1437027092434,1175.31494140625,8,0.34565442984070316
48717,_level_10,171.6910400390625,1978.9349573051143,1307.6710205078125,9,0.27155846244359816
48717,_level_9,164.77392578125,1885.3625699950505,1479.4620361328125,10,0.1437540527143637
48720,_level_6,88.5500717163086,1003.1560322465702,38.662628173828125,1,0.4337680639615651
48720,_level_9,147.5818862915039,1683.762177804915,127.32939910888672,2,0.41276928456850115
48720,_level_10,152.32382202148438,1747.462135191296,432.3031921386719,3,0.45775347673203226
48720,_level_3,151.79937744140614,1740.287995896473,584.7445068359375,4,0.25028295734336725
48720,_level_8,100.2493896484375,1134.8035751866444,736.64398193359375,5,0.8013147488480812
48720,_level_5,168.7646484375,1580.2353241105945,952.393310546875,6,0.31078074269653144
48720,_level_2,57.365966796875,649.4840643715355,1121.259033203125,7,0.6544198691845388
48738,_level_1,165.18827438354492,1814.0588775946806,45.04362869262695,1,0.3307418485831073
48738,_level_10,154.7596893310547,1769.170615624501,210.3415985107422,2,0.4209944213709844
48738,_level_2,103.47589111328125,1105.1958744556216,365.2030944824219,3,0.4683745388316548
48738,_level_3,139.86502075195313,1507.4507946467845,468.7984924316406,4,0.3378233306553642
48738,_level_7,128.4266357421875,1460.4281841959623,608.778076171875,5,0.4363997007173098
48738,_level_5,138.83868408203114,1575.7142831844178,737.3126220703125,6,0.29801010411615925
48738,_level_4,161.30572509765625,1779.7261151094026,876.25128173828125,7,0.43266413407291915
48738,_level_9,134.4229736328125,1484.7846847289145,1037.6650390625,8,0.3388273188100863
48738,_level_6,85.823974609375,952.6837092690761,1172.18798828125,9,0.3994271431922012
48738,_level_8,112.679931640625,1084.667311239212,1258.1190185546875,10,0.4248337491607743
48813,_level_2,164.33901977539063,1078.872307803026,314.894287109375,1,0.4046273397102669
48813,_level_9,200.1079711914062,1366.0253837574146,479.3333129882813,2,0.32463961830176247
48813,_level_10,232.4739990234375,1553.8271796170484,679.57427978515625,3,0.27800360801985224
48813,_level_8,184.5396728515624,1278.85537674494,912.1483154296876,4,0.5231224370922865
48813,_level_4,201.4400634765625,1346.846753772195,1286.927978515625,5,0.22104216082767025
48813,_level_6,171.5389404296875,1118.4757822394824,1488.468017578125,6,0.2857897427514209
48813,_level_1,249.2760009765625,1555.4378651810514,1660.1070556640625,7,0.29523882790694755
48813,_level_7,293.5430908203125,1283.4351083984702,1909.5159912109375,8,0.21141370552355
48820,_level_8,149.4277687072754,1704.1574044679253,55.83993148803711,1,0.3874823545147468
48820,_level_5,177.1639862060547,2059.252940358692,205.38340759277344,2,0.4167572817522449
48820,_level_6,129.8302001953125,1485.7296677070108,548.8773193359375,3,0.2486169459868114
48820,_level_9,197.113037109375,2258.605989614684,678.80767822265625,4,0.3220107190721583
48820,_level_2,145.36383056640602,1674.0245341559041,876.0371704101564,5,0.4385049844989962
48820,_level_1,175.06396484375,1960.0494758617642,1229.64599609375,6,0.2999703535551883
48820,_level_4,204.7459716796875,2341.440126204174,1404.8260498046875,7,0.32807309788480754
48820,_level_7,116.9649658203125,1337.2216949941517,1609.68798828125,8,0.49434068349204796
48832,_level_8,201.61896514892578,1519.6481509516589,54.80233001708984,1,0.3636443079909011
48832,_level_1,210.46798706054688,2009.1534475056271,256.5382995605469,2,0.23996947155754023
48832,_level_7,152.30612182617188,1656.317252197298,467.1062927246094,3,0.2652895545128252
48832,_level_3,170.76397705078114,1852.2923638314833,619.5123291015625,4,0.26147286650519785
48832,_level_10,202.09967041015625,2170.0596393273745,912.59332275390625,5,0.2490611228440195
48832,_level_6,118.1529541015625,1172.63994336941,1114.8070068359375,6,0.23404544526806959
48832,_level_5,182.0030517578125,1833.2909268816281,1233.073974609375,7,0.1662561195822143
48832,_level_4,202.47998046875,2180.1141674685937,1415.177978515625,8,0.30893152189050377
48842,_level_5,188.95510864257813,2120.356500233806,182.11920166015625,1,0.23576648150483215
48842,_level_1,204.03912353515625,2257.481541813333,371.19049072265625,2,0.2094056482749368
48842,_level_10,213.921875,2439.147705790263,575.34613037109375,3,0.2640955518862449
48842,_level_3,187.53912353515625,2108.577355674957,789.38348388671875,4,0.22770086077546192
48842,_level_7,164.08685302734364,1827.4710861973729,977.0391235351564,5,0.23991782229713154
48842,_level_4,227.52001953125,2514.5954559906168,1141.22802734375,6,0.3282475861054681
48842,_level_2,131.968994140625,1502.466486934197,1368.8489990234375,7,0.2110095585699847
48842,_level_9,220.655029296875,2521.3645127350896,1500.91796875,8,0.2939654407445289
48842,_level_8,163.3890380859375,1748.9489671311599,1721.68798828125,9,0.3357680356606524
48854,_level_9,126.30339431762695,1443.2162678114382,57.04130172729492,1,0.502283333540233
48854,_level_1,153.61709594726563,1776.4575184071764,183.45779418945313,2,0.41229761425269296
48854,_level_10,129.88259887695313,1492.7014236117789,337.1748962402344,3,0.5059703389230623
48854,_level_4,154.43142700195313,1721.6758323814333,467.1604919433594,4,0.4720716406531018
48854,_level_7,103.41619873046875,1174.092096743522,621.70721435546875,5,0.49313219760817684
48854,_level_5,139.88372802734364,1561.1122901180547,725.2246704101564,6,0.44403325905166147
48854,_level_6,81.36212158203125,918.7820435534921,865.2301025390625,7,0.8351536200113487
48854,_level_8,102.0672607421875,1168.894185247772,946.706787109375,8,0.8125281803243614
48854,_level_3,136.1839599609375,1572.6308753919732,1048.8900146484375,9,0.5279906461498638
48854,_level_2,95.2840576171875,1087.2137939509544,1185.1739501953125,10,0.7416490084612728
48859,_level_7,163.12197494506836,1854.4840788244444,44.085330963134766,1,0.31057801466533785
48859,_level_6,124.38301086425781,1394.9248455918953,207.3072967529297,2,0.2878003693289596
48859,_level_3,170.03298950195313,1950.447657476862,331.8063049316406,3,0.296516969467462
48859,_level_10,187.25711059570313,2072.532163115504,502.0483093261719,4,0.2709407998040171
48859,_level_5,181.550048828125,2045.7963180170536,689.4052734375,5,0.2790789277847354
48859,_level_4,203.215576171875,2207.1599244626727,871.055419921875,6,0.3236486187365115
48859,_level_2,142.5660400390625,1612.5171780459173,1074.3709716796875,7,0.3486666528409649
48859,_level_8,153.9000244140625,1731.857810582118,1217.0369873046875,8,0.41400544075738466
48859,_level_9,179.260009765625,1994.6701253858362,1371.04296875,9,0.3733993993842305
48859,_level_1,184.2159423828125,2122.0582781903963,1550.4200439453125,10,0.3598881475283454
48930,_level_3,186.6716537475586,1957.2058061419839,74.7403335571289,1,0.17966706855868453
48930,_level_6,129.76727294921875,1352.47758601893,261.52801513671875,2,0.25425588673463795
48930,_level_8,150.9102172851562,1506.4015000408917,391.4129028320313,3,0.27054293540502994
48930,_level_10,219.88214111328125,2253.8876557447607,542.43817138671875,4,0.2580785359943738
48930,_level_7,170.4204101562501,1724.8581671956035,762.42047119140625,5,0.24544041125706628
48930,_level_5,177.9794921875001,1905.8348662285075,932.9425048828124,6,0.25793025700269345
48930,_level_9,216.5780029296875,1619.6641306909278,1111.0780029296875,7,0.17638471236275155
48930,_level_2,150.2850341796875,1243.695437025054,1327.7659912109375,8,0.2643672020498069
48930,_level_1,194.9920654296875,1979.8186960151852,1478.1519775390625,9,0.13743164278756403
48930,_level_4,188.4000244140625,1786.3786354354324,1673.260986328125,10,0.27363687126403935
48932,_level_1,202.82297134399414,2318.1875020740576,53.08433151245117,1,0.2629907305395205
48932,_level_5,194.364013671875,2121.5298746006415,256.0072937011719,2,0.6434358350377234
48932,_level_10,249.614013671875,2776.832021701624,450.4713134765625,3,0.5461331003529498
48932,_level_6,108.89813232421875,1229.2295438323242,700.186279296875,4,0.4872835070126824
48932,_level_4,209.1636962890626,2426.3935927637394,809.184326171875,5,0.318042024533555
48932,_level_7,207.3310546875,2293.213173535343,1018.447998046875,6,0.3601794079326124
48932,_level_2,111.948974609375,1229.6780263122378,1225.8790283203125,7,0.5963485716625787
48932,_level_9,193.9150390625,2146.39720607868,1337.927978515625,8,0.30369281138490245
48932,_level_8,125.6640625,1361.8902132289688,1531.9429931640625,9,0.6024044188156403
48932,_level_3,182.0479736328125,2095.706015613748,1657.70703125,10,0.525405346432888
48934,_level_5,171.66219329833984,1798.3199372513752,51.057899475097656,1,0.19471000908232128
48934,_level_4,186.6641082763672,2076.7232194012972,222.8311004638672,2,0.3697451697138321
48934,_level_8,120.33096313476563,1363.3907162160187,409.6064147949219,3,0.34438895767349753
48934,_level_1,170.6744384765625,1852.8952085686662,647.90228271484375,4,0.13508583754452697
48934,_level_9,181.7746582031251,2027.7136674866238,818.68731689453125,5,0.23277349569229355
48934,_level_7,212.6070556640625,2184.0411433435893,1244.991943359375,6,0.2568338885410324
48934,_level_3,202.595947265625,2254.0786551755978,1457.7110595703125,7,0.34319254608981276
48948,_level_7,170.39997482299802,1647.588277944719,58.32252883911133,1,0.26283230035491645
48948,_level_4,230.3151092529297,2499.7901349394897,228.8394012451172,2,0.35043268733980393
48948,_level_5,223.71533203125,2057.2502356988466,459.27099609375,3,0.27606189388261926
48948,_level_10,210.01519775390636,2360.8973611062866,683.10302734375,4,0.4169160787443791
48948,_level_6,127.89898681640625,1363.914449304886,893.2349853515625,5,0.27909912245070667
48948,_level_3,185.6650390625,2047.0042176883512,1021.2509765625,6,0.2588920334040332
48948,_level_9,234.6820068359375,2590.8507263395677,1207.0159912109375,7,0.24942978158633833
48948,_level_2,141.6490478515625,1593.0539510737942,1441.7979736328125,8,0.23917845812226435
48948,_level_1,202.781982421875,2289.7572087728886,1584.56396484375,9,0.44659054448092894
48948,_level_8,147.666015625,1640.4910281525006,1787.4620361328125,10,0.3378391908351237
48951,_level_8,104.89039611816406,1191.7679604676187,80.512603759765625,1,0.5138827425388962
48951,_level_10,163.4806976318359,1872.0362406001404,185.52000427246097,2,0.3226951604177246
48951,_level_9,162.38009643554688,1867.910721051415,349.10089111328125,3,0.36459370719392314
48951,_level_7,109.543701171875,1247.1225161590633,511.59710693359375,4,0.32100200640491594
48951,_level_5,140.91497802734375,1505.7152405508366,621.24102783203125,5,0.4683733600757394
48951,_level_4,146.4855957031251,1625.264156707879,762.2725830078125,6,0.42125828707946744
48951,_level_1,152.3908691406251,1738.5108595001475,908.8751220703124,7,0.27551763548648434
48951,_level_2,103.4560546875,1171.0039310772922,1061.3819580078125,8,0.29432189993622226
48951,_level_6,93.6490478515625,1055.2169287162415,1164.9539794921875,9,0.29354127346562753
48951,_level_3,143.4840087890625,1637.809940410218,1258.7030029296875,10,0.34702061808892215
48952,_level_2,100.65699768066406,1137.7512195429467,39.313201904296875,1,0.5288243172800111
48952,_level_3,154.62599182128906,1792.7234944705829,140.0706024169922,2,0.697111801885996
48952,_level_7,142.56320190429688,1595.7976551084819,294.81988525390625,3,0.6696459983958511
48952,_level_1,178.07022094726563,1984.0398312519678,437.4834899902344,4,0.31640987067532533
48952,_level_8,473.6031494140625,1119.2717092150467,615.65380859375,5,0.7167086878983501
48952,_level_9,150.5780029296875,1591.1270492689175,1089.365966796875,6,0.4005837262234385
48952,_level_4,157.7149658203125,1795.7862492642707,1240.0450439453125,7,0.46463639428878223
48952,_level_5,242.112060546875,1584.7451229802634,1397.8599853515625,8,0.36289754664644236
48952,_level_6,138.9290771484375,926.9828650566283,1640.10595703125,9,0.4537632178685054
48952,_level_10,286.7099609375,1362.7062542920467,1779.135009765625,10,0.41753600810089864
48982,_level_3,168.12709426879883,1933.6021127608306,56.44089889526367,1,0.1813861585823464
48982,_level_9,288.8236846923828,3336.8319995564916,224.6721038818359,2,0.4740719493778933
48982,_level_8,103.3663330078125,1180.0782281292716,513.59979248046875,3,0.6375167314763667
48982,_level_5,155.3162841796875,1783.5275768500385,617.0701904296875,4,0.2702801990043191
48982,_level_4,177.28887939453136,2024.8657715805814,772.5009155273436,5,0.25461623751159657
48982,_level_10,161.8291015624999,1847.159808189729,949.8939208984376,6,0.3408552379755717
48982,_level_2,86.0909423828125,974.1894678729786,1111.8270263671875,7,0.8128702900340782
48982,_level_6,82.2449951171875,928.0732305376929,1198.02197265625,8,0.6347599598302252
48982,_level_7,146.89404296875,1642.7373966759626,1280.3709716796875,9,0.8083499872610885
48982,_level_1,171.2030029296875,1974.3203434856684,1427.3690185546875,10,0.2371335220405162
49024,_level_10,207.67219161987305,2323.498422968878,59.36149978637695,1,0.32326646421326855
49024,_level_1,177.66439819335938,1965.471373846672,267.1510009765625,2,0.25649837308759604
49024,_level_5,165.83139038085938,1924.6529217270013,444.9325866699219,3,0.16526044645653293
49024,_level_4,208.0823974609375,2313.693402212011,610.88079833984375,4,0.2357340068422893
49024,_level_2,132.23248291015636,1449.5426991411794,819.07989501953125,5,0.3030203913734886
49024,_level_7,144.2833251953126,1601.0019282495352,951.4127197265624,6,0.19048572084122783
49024,_level_8,142.9669189453125,1632.6787860348354,1095.7960205078125,7,0.27916226406455436
49024,_level_3,164.764892578125,1843.7752809606534,1238.8780517578125,8,0.2082503249158516
49024,_level_9,213.14892578125,2375.04327334975,1403.7440185546875,9,0.2789559231704207
49024,_level_6,114.7979736328125,1306.4663808813432,1616.9940185546875,10,0.18906638802356357
49025,_level_9,201.07757568359375,2306.4630257330646,49.82823181152344,1,0.30214742070997014
49025,_level_5,155.46629333496094,1765.8529844798488,251.0225067138672,2,0.2777746014849012
49025,_level_7,147.98318481445313,1679.4484593304983,406.6051940917969,3,0.2403801505834815
49025,_level_1,182.06610107421875,2098.155792514274,554.705078125,4,0.19312962692408142
49025,_level_4,204.93280029296864,2230.361900897714,736.87152099609375,5,0.24940692859462277
49025,_level_8,115.36621093749989,1287.556028230927,941.9207763671876,6,0.2976619620748222
49025,_level_10,163.2989501953125,1861.6808646799343,1057.404052734375,7,0.30945735084145176
49025,_level_3,161.01708984375,1780.2179149246153,1220.8199462890625,8,0.30624079768781387
49025,_level_6,90.666015625,1008.7430984555891,1381.9530029296875,9,0.5482219203615313
49025,_level_2,102.7340087890625,1145.700051050613,1472.718994140625,10,0.48066109592013295
49035,_level_8,121.27057647705078,1383.0954908966894,45.19683074951172,1,0.2296319146190593
49035,_level_4,160.03811645507813,1840.6210760066947,166.58279418945313,2,0.30303811066529196
49035,_level_6,86.320404052734375,964.7120191136718,326.72088623046875,3,0.5203150232482463
49035,_level_3,151.90441894531256,1721.6472058806432,413.1412963867187,4,0.24645551902018792
49035,_level_7,135.32098388671875,1514.2173340977847,565.16192626953125,5,0.32147615168228394
49035,_level_5,153.1879882812501,1674.0926022700955,700.59918212890625,6,0.3142252618937149
49035,_level_9,128.88739013671875,1466.3039367963888,853.90362548828125,7,0.2915505182760916
49035,_level_10,158.604248046875,1804.0664869132297,982.90771484375,8,0.2776185372287431
49035,_level_2,102.5360107421875,1162.2450622414715,1141.6290283203125,9,0.42902032935384304
49035,_level_1,155.0550537109375,1743.3642689247556,1244.281005859375,10,0.20399679227679368
49040,_level_6,117.30999755859375,1244.6772825453,56.064300537109375,1,0.2618025782662332
49040,_level_5,170.2914123535156,1932.5717456430036,173.48989868164065,2,0.24298525478443922
49040,_level_3,146.17617797851563,1687.5403795857176,343.88140869140625,3,0.3612332951911068
49040,_level_8,115.8284912109375,1317.6522881009191,490.17388916015625,4,0.5791201076485301
49040,_level_4,166.44158935546875,1922.422619324001,606.11810302734375,5,0.33397214217377247
49040,_level_2,112.22802734375,1189.8995839738895,772.6597900390625,6,0.39358844692133066
49040,_level_7,151.54168701171875,1432.456999537725,885.00531005859375,7,0.3027278166907137
49040,_level_10,154.3580322265625,1775.976888214814,1036.64794921875,8,0.34976646387009436
49040,_level_1,209.0230712890625,2280.9224782379315,1191.10595703125,9,0.2410955342091119
49040,_level_9,179.8409423828125,1799.3781698733014,1400.22900390625,10,0.37375707881589904
49041,_level_5,203.27801513671875,2124.7925679238183,262.87298583984375,1,0.21625936632792997
49041,_level_6,144.45101928710938,1464.0404651777192,466.2669982910156,2,0.1610360535293176
49041,_level_10,229.43304443359375,2393.433188013923,610.833984375,3,0.2466087877801859
49041,_level_8,185.71795654296875,1873.3497996608853,840.36700439453125,4,0.21336039892843728
49041,_level_9,254.14892578125,2516.0199051655686,1026.2010498046875,5,0.3177957582671327
49041,_level_3,207.4700927734375,2178.975776585809,1280.449951171875,6,0.26506084609346636
49041,_level_1,222.4669189453125,2248.496498414991,1631.10302734375,7,0.21648495521445277
49041,_level_4,242.6778564453125,2159.8081586538847,1853.6700439453125,8,0.25136054645035955
49041,_level_7,176.8330078125,1921.7238461717632,2096.447998046875,9,0.25937807233504995
49058,_level_8,126.12470245361328,1428.4039190324415,51.55970001220703,1,0.26767401075400976
49058,_level_4,180.41897583007813,1990.0954889970103,338.5378112792969,2,0.3157622081888618
49058,_level_9,149.4351806640625,1670.8663124789068,519.0731201171875,3,0.3335970531301833
49058,_level_3,170.48541259765625,1898.851533066646,668.60858154296875,4,0.29874415934294096
49058,_level_7,139.40252685546875,1577.190598186144,839.20947265625,5,0.3483934709098424
49058,_level_1,163.602783203125,1862.733346432275,978.728271484375,6,0.2199095794892103
49058,_level_2,95.5009765625,1088.0282774215623,1142.447021484375,7,0.7214790132410329
49058,_level_5,145.552001953125,1593.0585210713014,1238.06396484375,8,0.29143560951342384
49058,_level_6,91.801025390625,1017.6266098609475,1383.7159423828125,9,0.6006585954424305
49061,_level_1,163.13229370117185,1883.929141773513,36.49440002441406,1,0.36217951448776586
49061,_level_10,161.63250732421875,1860.6758333356072,199.7366943359375,2,0.4073148785251388
49069,_level_8,104.49759674072266,1184.209078720741,43.490699768066406,1,0.47095007702784597
49069,_level_4,159.14178466796875,1829.2765850899757,148.09320068359375,2,0.35115872831190975
49069,_level_3,136.23941040039063,1555.97388008489,307.3742980957031,3,0.4735857870778519
49069,_level_9,125.86517333984375,1383.8155161167092,550.87701416015625,4,0.46319523766670123
49069,_level_2,95.87969970703125,1078.1745266505375,676.8463134765625,5,0.5437733454639901
49069,_level_6,78.5106201171875,864.783801656562,772.83038330078125,6,0.549213893432477
49069,_level_1,147.470703125,1619.795459488882,851.44488525390625,7,0.39528768474686027
49069,_level_10,138.57257080078136,1580.768408175223,999.0194702148436,8,0.4958411178958463
49069,_level_5,122.010986328125,1381.5131615287448,1137.696044921875,9,0.48184804084814925
49074,_level_8,189.88390350341797,1934.6640621867018,93.43250274658205,1,0.28257261956608704
49074,_level_4,233.767578125,2573.8835429161254,283.43280029296875,2,0.18432787093440528
49074,_level_1,225.7843017578125,2353.777401404157,517.3167724609375,3,0.23110936384667835
49074,_level_3,197.46728515625,2156.0315749088522,743.217529296875,4,0.27444545220849326
49074,_level_10,226.550537109375,2302.3040852849927,940.801513671875,5,0.2870103484054717
49074,_level_5,207.550048828125,1994.765361116388,1167.468994140625,6,0.1418860405317235
49074,_level_9,214.550048828125,2348.297937372347,1375.135986328125,7,0.35813293860460604
49074,_level_7,153.134033203125,1727.568970882475,1589.802978515625,8,0.19862005626119217
49074,_level_2,145.1170654296875,1443.1093697536887,1743.052978515625,9,0.1711925087594961
49074,_level_6,115.2330322265625,1250.463547459657,1888.2869873046875,10,0.262840518739037
49098,_level_2,157.408203125,1455.5623094982116,266.2265930175781,1,0.27526860297178246
49098,_level_10,284.5309753417969,2543.7483704329647,423.7474060058594,2,0.2465358048089199
49098,_level_6,140.6412353515626,1222.4672801380464,708.40667724609375,3,0.18253871202901162
49098,_level_5,233.031005859375,2089.0145318631126,849.1619873046875,4,0.1903952697446416
49098,_level_3,239.5999755859375,1668.780904326922,1082.3690185546875,5,0.31436782006877195
49098,_level_1,227.9849853515625,1881.9791414742258,1322.0780029296875,6,0.265633645820031
49098,_level_8,148.5909423828125,1237.1625807079934,1550.196044921875,7,0.3353399248540003
49098,_level_4,239.264892578125,2052.5658958559907,1698.9560546875,8,0.3087702354571432
49098,_level_7,204.152099609375,1579.4981553037348,1938.4599609375,9,0.23068820124926792
49103,_level_4,165.3869972229004,1801.5735803866141,40.69559860229492,1,0.33512448353574
49103,_level_3,168.09251403808594,1887.0863951821882,206.18299865722656,2,0.25992510252579704
49103,_level_2,117.9472045898437,1290.3364739433896,374.3796997070313,3,0.474040430834328
49103,_level_1,178.51422119140625,2050.5118352259337,492.43109130859375,4,0.2715095240937191
49103,_level_10,170.9739990234375,1923.3112032076651,897.7919921875,5,0.39773732880073
49103,_level_8,176.85498046875,1377.4469474858338,1068.8699951171875,6,0.4930538864408316
49103,_level_6,102.302978515625,1151.2820159422074,1245.8289794921875,7,0.4595594409134911
49103,_level_5,165.9259033203125,1891.127074990924,1476.154052734375,8,0.29683021227655615
49187,_level_3,149.7176628112793,1706.7322491405923,51.00603103637695,1,0.31457280429813594
49187,_level_5,145.3917999267578,1661.0965230069419,200.8975067138672,2,0.31681206778390647
49187,_level_4,186.96640014648438,2151.6270810603405,346.4059143066406,3,0.3242362178483147
49187,_level_1,146.4161376953125,1679.0223474154338,533.48858642578125,4,0.34650795588621575
49187,_level_9,138.5491943359375,1591.218320809489,680.00482177734375,5,0.3600356799163651
49187,_level_2,121.31591796875,1388.1905102238359,1236.43603515625,6,0.2018645390758873
49187,_level_10,181.0830078125,2082.8642153491896,1357.8690185546875,7,0.3453642390787298
49216,_level_10,195.09727478027344,2230.461714220235,68.45762634277344,1,0.3135658414865503
49216,_level_8,128.30618286132813,1468.9722959841138,263.67181396484375,2,0.3681593765018141
49216,_level_7,148.98162841796875,1544.664155023727,392.07818603515625,3,0.2616654297584484
49216,_level_4,207.3974609375,2404.2850207867396,541.192626953125,4,0.25516755601612684
49216,_level_5,159.4565429687499,1840.0434756772486,748.7061767578125,5,0.23852777129485514
49216,_level_1,170.1566162109376,1963.056617149574,908.2794189453124,6,0.2458090270749902
49216,_level_2,125.0489501953125,1434.800156136251,1078.552001953125,7,0.24466391526320885
49216,_level_9,204.555908203125,2245.5837470352535,1203.717041015625,8,0.3203299652588083
49216,_level_6,115.406982421875,1328.3256442541299,1408.373046875,9,0.30392155420616884
49221,_level_4,179.89030456542972,2081.142969744749,49.44309997558594,1,0.27636687211866184
49221,_level_9,228.40220642089844,2006.0826820864497,229.43370056152344,2,0.378744759065488
49221,_level_5,192.65567016601563,1824.4219131451448,457.9371032714844,3,0.24519075982601657
49221,_level_8,130.85858154296875,1342.4701855617304,650.693603515625,4,0.35154786938409466
49221,_level_7,146.91021728515636,1398.1242052554198,781.6688842773436,5,0.2234516039168022
49221,_level_3,176.87811279296875,1656.1021852427302,928.69488525390625,6,0.35182686780582195
49221,_level_1,163.6729736328125,1874.8971420140401,1105.68701171875,7,0.2559637126533938
49221,_level_10,217.373046875,2008.1203502892938,1269.4599609375,8,0.34392745984122786
49221,_level_6,87.362060546875,976.1007628752844,1486.949951171875,9,0.44114800875373905
49221,_level_2,139.8260498046875,1271.7593183229676,1574.427978515625,10,0.21938590607287523
49224,_level_6,111.82697296142578,1218.6567395547208,66.4654312133789,1,0.3257918842470041
49224,_level_7,183.0495147705078,1915.9348110240232,178.40919494628906,2,0.17108129346829026
49224,_level_9,231.13339233398438,2507.883280681992,361.5751037597656,3,0.30652408189487623
49224,_level_1,212.5008544921875,2403.406384350308,592.823974609375,4,0.3365787124391333
49224,_level_10,261.899658203125,2523.6022711003843,805.4412841796875,5,0.2660090288606556
49224,_level_2,115.865966796875,1274.4705350019156,1067.4580078125,6,0.3161639504951951
49224,_level_8,139.25,1495.2537603297744,1183.4239501953125,7,0.3970799579949953
49224,_level_3,197.5780029296875,2066.677284300089,1322.791015625,8,0.24328875643593406
49224,_level_5,240.9869384765625,875.8762943465581,1520.7320556640625,9,0.5204632567157389
49277,_level_3,222.7168960571289,2412.053858116453,79.84420013427734,1,0.1777348970317969
49277,_level_10,218.40151977539063,2339.3459526518523,302.6919860839844,2,0.31908745269502925
49277,_level_2,145.06658935546875,1548.919946123733,695.87579345703125,3,0.41410686425749466
49277,_level_5,198.3819580078125,2224.903953613504,841.0430908203125,4,0.3120089541267914
49277,_level_1,194.4659423828125,2237.8301488475927,1039.5250244140625,5,0.302503203229633
49277,_level_4,185.14892578125,2056.2613262599334,1234.092041015625,6,0.35018759749783634
49277,_level_9,196.466064453125,2167.2245652425863,1419.3409423828125,7,0.25585810001600473
49277,_level_6,87.8160400390625,996.0142601682867,1746.3409423828125,8,0.7326473301814439
49279,_level_2,92.110198974609375,1043.402101764075,38.37480163574219,1,0.37042686879754294
49279,_level_10,140.2989044189453,1596.5612791921794,130.58799743652344,2,0.3705706647910849
49279,_level_4,146.03079223632813,1668.3082086176237,270.9901123046875,3,0.3733336940323604
49279,_level_6,89.8432006835938,1016.0381378225386,417.1239013671875,4,0.4861011891329243
49279,_level_5,142.98330688476563,1631.1690661426205,507.0700988769531,5,0.381083846772698
49279,_level_9,145.03790283203114,1663.199335667347,650.1563720703125,6,0.31838101510041716
49279,_level_3,143.14111328125,1635.5548195227573,795.29718017578125,7,0.4158376961504411
49279,_level_7,131.71673583984375,1446.1630960402158,938.54132080078125,8,0.2894296818490031
49279,_level_8,93.989013671875,1050.2674114238653,1070.3609619140625,9,0.46333041191545854
49279,_level_1,159.637939453125,1830.9177164810155,1164.4530029296875,10,0.29569357604200053
